Survived,Age,Fare,Pclass,FamilySurvived,Ticket_label,Embarked_C,Embarked_Q,Embarked_S,Sex_female,Sex_male,Cabin_label_A,Cabin_label_B,Cabin_label_C,Cabin_label_D,Cabin_label_E,Cabin_label_F,Cabin_label_G,Cabin_label_T,Cabin_label_U,Title_Master,Title_Miss,Title_Mr,Title_Mrs,Title_Officer,Title_Royalty
0.0,22.0,7.25,3,2.0,1.0,0,0,1,0,1,0,0,0,0,0,0,0,0,1,0,0,1,0,0,0
1.0,38.0,71.2833,1,2.0,2.0,1,0,0,1,0,0,0,1,0,0,0,0,0,0,0,0,0,1,0,0
1.0,26.0,7.925,3,1.0,1.0,0,0,1,1,0,0,0,0,0,0,0,0,0,1,0,1,0,0,0,0
1.0,35.0,53.1,1,2.0,2.0,0,0,1,1,0,0,0,1,0,0,0,0,0,0,0,0,0,1,0,0
0.0,35.0,8.05,3,1.0,1.0,0,0,1,0,1,0,0,0,0,0,0,0,0,1,0,0,1,0,0,0
0.0,28.421210579818556,8.4583,3,1.0,1.0,0,1,0,0,1,0,0,0,0,0,0,0,0,1,0,0,1,0,0,0
0.0,54.0,51.8625,1,1.0,2.0,0,0,1,0,1,0,0,0,0,1,0,0,0,0,0,0,1,0,0,0
0.0,2.0,21.075,3,1.0,1.0,0,0,1,0,1,0,0,0,0,0,0,0,0,1,1,0,0,0,0,0
1.0,27.0,11.1333,3,2.0,2.0,0,0,1,1,0,0,0,0,0,0,0,0,0,1,0,0,0,1,0,0
1.0,14.0,30.0708,2,2.0,2.0,1,0,0,1,0,0,0,0,0,0,0,0,0,1,0,0,0,1,0,0
1.0,4.0,16.7,3,2.0,2.0,0,0,1,1,0,0,0,0,0,0,0,1,0,0,0,1,0,0,0,0
1.0,58.0,26.55,1,1.0,1.0,0,0,1,1,0,0,0,1,0,0,0,0,0,0,0,1,0,0,0,0
0.0,20.0,8.05,3,1.0,1.0,0,0,1,0,1,0,0,0,0,0,0,0,0,1,0,0,1,0,0,0
0.0,39.0,31.275,3,1.0,1.0,0,0,1,0,1,0,0,0,0,0,0,0,0,1,0,0,1,0,0,0
0.0,14.0,7.8542,3,1.0,1.0,0,0,1,1,0,0,0,0,0,0,0,0,0,1,0,1,0,0,0,0
1.0,55.0,16.0,2,1.0,1.0,0,0,1,1,0,0,0,0,0,0,0,0,0,1,0,0,0,1,0,0
0.0,2.0,29.125,3,1.0,1.0,0,1,0,0,1,0,0,0,0,0,0,0,0,1,1,0,0,0,0,0
1.0,32.809148444153756,13.0,2,1.0,1.0,0,0,1,0,1,0,0,0,0,0,0,0,0,1,0,0,1,0,0,0
0.0,31.0,18.0,3,2.0,2.0,0,0,1,1,0,0,0,0,0,0,0,0,0,1,0,0,0,1,0,0
1.0,24.214279150809407,7.225,3,1.0,1.0,1,0,0,1,0,0,0,0,0,0,0,0,0,1,0,0,0,1,0,0
0.0,35.0,26.0,2,1.0,2.0,0,0,1,0,1,0,0,0,0,0,0,0,0,1,0,0,1,0,0,0
1.0,34.0,13.0,2,1.0,1.0,0,0,1,0,1,0,0,0,1,0,0,0,0,0,0,0,1,0,0,0
1.0,15.0,8.0292,3,1.0,1.0,0,1,0,1,0,0,0,0,0,0,0,0,0,1,0,1,0,0,0,0
1.0,28.0,35.5,1,1.0,1.0,0,0,1,0,1,1,0,0,0,0,0,0,0,0,0,0,1,0,0,0
0.0,8.0,21.075,3,1.0,1.0,0,0,1,1,0,0,0,0,0,0,0,0,0,1,0,1,0,0,0,0
1.0,38.0,31.3875,3,1.0,1.0,0,0,1,1,0,0,0,0,0,0,0,0,0,1,0,0,0,1,0,0
0.0,28.421210579818556,7.225,3,1.0,1.0,1,0,0,0,1,0,0,0,0,0,0,0,0,1,0,0,1,0,0,0
0.0,19.0,263.0,1,1.0,1.0,0,0,1,0,1,0,0,1,0,0,0,0,0,0,0,0,1,0,0,0
1.0,24.214279150809407,7.8792,3,1.0,1.0,0,1,0,1,0,0,0,0,0,0,0,0,0,1,0,1,0,0,0,0
0.0,28.421210579818556,7.8958,3,1.0,1.0,0,0,1,0,1,0,0,0,0,0,0,0,0,1,0,0,1,0,0,0
0.0,40.0,27.7208,1,1.0,1.0,1,0,0,0,1,0,0,0,0,0,0,0,0,1,0,0,0,0,0,1
1.0,38.05502360942216,146.5208,1,2.0,2.0,1,0,0,1,0,0,1,0,0,0,0,0,0,0,0,0,0,1,0,0
1.0,24.214279150809407,7.75,3,1.0,1.0,0,1,0,1,0,0,0,0,0,0,0,0,0,1,0,1,0,0,0,0
0.0,66.0,10.5,2,1.0,1.0,0,0,1,0,1,0,0,0,0,0,0,0,0,1,0,0,1,0,0,0
0.0,28.0,82.1708,1,2.0,2.0,1,0,0,0,1,0,0,0,0,0,0,0,0,1,0,0,1,0,0,0
0.0,42.0,52.0,1,2.0,2.0,0,0,1,0,1,0,0,0,0,0,0,0,0,1,0,0,1,0,0,0
1.0,28.421210579818556,7.2292,3,1.0,1.0,1,0,0,0,1,0,0,0,0,0,0,0,0,1,0,0,1,0,0,0
0.0,21.0,8.05,3,1.0,1.0,0,0,1,0,1,0,0,0,0,0,0,0,0,1,0,0,1,0,0,0
0.0,18.0,18.0,3,2.0,2.0,0,0,1,1,0,0,0,0,0,0,0,0,0,1,0,1,0,0,0,0
1.0,14.0,11.2417,3,2.0,2.0,1,0,0,1,0,0,0,0,0,0,0,0,0,1,0,1,0,0,0,0
0.0,40.0,9.475,3,2.0,1.0,0,0,1,1,0,0,0,0,0,0,0,0,0,1,0,0,0,1,0,0
0.0,27.0,21.0,2,2.0,2.0,0,0,1,1,0,0,0,0,0,0,0,0,0,1,0,0,0,1,0,0
0.0,28.421210579818556,7.8958,3,1.0,1.0,1,0,0,0,1,0,0,0,0,0,0,0,0,1,0,0,1,0,0,0
1.0,3.0,41.5792,2,2.0,2.0,1,0,0,1,0,0,0,0,0,0,0,0,0,1,0,1,0,0,0,0
1.0,19.0,7.8792,3,1.0,1.0,0,1,0,1,0,0,0,0,0,0,0,0,0,1,0,1,0,0,0,0
0.0,28.421210579818556,8.05,3,1.0,1.0,0,0,1,0,1,0,0,0,0,0,0,0,0,1,0,0,1,0,0,0
0.0,25.88010381537314,15.5,3,2.0,2.0,0,1,0,0,1,0,0,0,0,0,0,0,0,1,0,0,1,0,0,0
1.0,24.214279150809407,7.75,3,1.0,1.0,0,1,0,1,0,0,0,0,0,0,0,0,0,1,0,1,0,0,0,0
0.0,26.228539862914868,21.6792,3,2.0,2.0,1,0,0,0,1,0,0,0,0,0,0,0,0,1,0,0,1,0,0,0
0.0,18.0,17.8,3,2.0,2.0,0,0,1,1,0,0,0,0,0,0,0,0,0,1,0,0,0,1,0,0
0.0,7.0,39.6875,3,1.0,1.0,0,0,1,0,1,0,0,0,0,0,0,0,0,1,1,0,0,0,0,0
0.0,21.0,7.8,3,1.0,1.0,0,0,1,0,1,0,0,0,0,0,0,0,0,1,0,0,1,0,0,0
1.0,49.0,76.7292,1,2.0,2.0,1,0,0,1,0,0,0,0,1,0,0,0,0,0,0,0,0,1,0,0
1.0,29.0,26.0,2,2.0,2.0,0,0,1,1,0,0,0,0,0,0,0,0,0,1,0,0,0,1,0,0
0.0,65.0,61.9792,1,2.0,2.0,1,0,0,0,1,0,1,0,0,0,0,0,0,0,0,0,1,0,0,0
1.0,42.91931074644119,35.5,1,1.0,1.0,0,0,1,0,1,0,0,1,0,0,0,0,0,0,0,0,1,0,0,0
1.0,21.0,10.5,2,1.0,1.0,0,0,1,1,0,0,0,0,0,0,0,0,0,1,0,1,0,0,0,0
0.0,28.5,7.2292,3,1.0,1.0,1,0,0,0,1,0,0,0,0,0,0,0,0,1,0,0,1,0,0,0
1.0,5.0,27.75,2,2.0,2.0,0,0,1,1,0,0,0,0,0,0,0,0,0,1,0,1,0,0,0,0
0.0,11.0,46.9,3,0.0,1.0,0,0,1,0,1,0,0,0,0,0,0,0,0,1,1,0,0,0,0,0
0.0,22.0,7.2292,3,1.0,1.0,1,0,0,0,1,0,0,0,0,0,0,0,0,1,0,0,1,0,0,0
1.0,38.0,80.0,1,1.0,2.0,0,0,1,1,0,0,1,0,0,0,0,0,0,0,0,1,0,0,0,0
0.0,45.0,83.475,1,2.0,2.0,0,0,1,0,1,0,0,1,0,0,0,0,0,0,0,0,1,0,0,0
0.0,4.0,27.9,3,1.0,1.0,0,0,1,0,1,0,0,0,0,0,0,0,0,1,1,0,0,0,0,0
0.0,42.91931074644119,27.7208,1,1.0,1.0,1,0,0,0,1,0,0,0,0,0,0,0,0,1,0,0,1,0,0,0
1.0,16.933814089935765,15.2458,3,2.0,2.0,1,0,0,0,1,0,0,0,0,0,0,0,0,1,1,0,0,0,0,0
1.0,29.0,10.5,2,1.0,1.0,0,0,1,1,0,0,0,0,0,0,1,0,0,0,0,0,0,1,0,0
0.0,19.0,8.1583,3,1.0,1.0,0,0,1,0,1,0,0,0,0,0,0,0,0,1,0,0,1,0,0,0
1.0,17.0,7.925,3,1.0,1.0,0,0,1,1,0,0,0,0,0,0,0,0,0,1,0,1,0,0,0,0
0.0,26.0,8.6625,3,2.0,1.0,0,0,1,0,1,0,0,0,0,0,0,0,0,1,0,0,1,0,0,0
0.0,32.0,10.5,2,1.0,1.0,0,0,1,0,1,0,0,0,0,0,0,0,0,1,0,0,1,0,0,0
0.0,16.0,46.9,3,0.0,1.0,0,0,1,1,0,0,0,0,0,0,0,0,0,1,0,1,0,0,0,0
0.0,21.0,73.5,2,1.0,1.0,0,0,1,0,1,0,0,0,0,0,0,0,0,1,0,0,1,0,0,0
0.0,26.0,14.4542,3,2.0,2.0,1,0,0,0,1,0,0,0,0,0,0,0,0,1,0,0,1,0,0,0
1.0,32.0,56.4958,3,1.0,1.0,0,0,1,0,1,0,0,0,0,0,0,0,0,1,0,0,1,0,0,0
0.0,25.0,7.65,3,1.0,1.0,0,0,1,0,1,0,0,0,0,0,1,0,0,0,0,0,1,0,0,0
0.0,28.421210579818556,7.8958,3,1.0,1.0,0,0,1,0,1,0,0,0,0,0,0,0,0,1,0,0,1,0,0,0
0.0,28.421210579818556,8.05,3,1.0,1.0,0,0,1,0,1,0,0,0,0,0,0,0,0,1,0,0,1,0,0,0
1.0,0.83,29.0,2,2.0,2.0,0,0,1,0,1,0,0,0,0,0,0,0,0,1,1,0,0,0,0,0
1.0,30.0,12.475,3,1.0,2.0,0,0,1,1,0,0,0,0,0,0,0,0,0,1,0,1,0,0,0,0
0.0,22.0,9.0,3,1.0,1.0,0,0,1,0,1,0,0,0,0,0,0,0,0,1,0,0,1,0,0,0
1.0,29.0,9.5,3,1.0,1.0,0,0,1,0,1,0,0,0,0,0,0,0,0,1,0,0,1,0,0,0
1.0,24.214279150809407,7.7875,3,1.0,1.0,0,1,0,1,0,0,0,0,0,0,0,0,0,1,0,1,0,0,0,0
0.0,28.0,47.1,1,1.0,2.0,0,0,1,0,1,0,0,0,0,0,0,0,0,1,0,0,1,0,0,0
1.0,17.0,10.5,2,1.0,1.0,0,0,1,1,0,0,0,0,0,0,0,0,0,1,0,1,0,0,0,0
1.0,33.0,15.85,3,2.0,2.0,0,0,1,1,0,0,0,0,0,0,0,0,0,1,0,0,0,1,0,0
0.0,16.0,34.375,3,1.0,1.0,0,0,1,0,1,0,0,0,0,0,0,0,0,1,0,0,1,0,0,0
0.0,28.421210579818556,8.05,3,1.0,1.0,0,0,1,0,1,0,0,0,0,0,0,0,0,1,0,0,1,0,0,0
1.0,23.0,263.0,1,1.0,1.0,0,0,1,1,0,0,0,1,0,0,0,0,0,0,0,1,0,0,0,0
0.0,24.0,8.05,3,1.0,1.0,0,0,1,0,1,0,0,0,0,0,0,0,0,1,0,0,1,0,0,0
0.0,29.0,8.05,3,1.0,1.0,0,0,1,0,1,0,0,0,0,0,0,0,0,1,0,0,1,0,0,0
0.0,20.0,7.8542,3,1.0,1.0,0,0,1,0,1,0,0,0,0,0,0,0,0,1,0,0,1,0,0,0
0.0,46.0,61.175,1,2.0,2.0,0,0,1,0,1,0,0,0,0,1,0,0,0,0,0,0,1,0,0,0
0.0,26.0,20.575,3,2.0,2.0,0,0,1,0,1,0,0,0,0,0,0,0,0,1,0,0,1,0,0,0
0.0,59.0,7.25,3,1.0,1.0,0,0,1,0,1,0,0,0,0,0,0,0,0,1,0,0,1,0,0,0
0.0,28.421210579818556,8.05,3,1.0,1.0,0,0,1,0,1,0,0,0,0,0,0,0,0,1,0,0,1,0,0,0
0.0,71.0,34.6542,1,1.0,1.0,1,0,0,0,1,1,0,0,0,0,0,0,0,0,0,0,1,0,0,0
1.0,23.0,63.3583,1,2.0,2.0,1,0,0,0,1,0,0,0,1,0,0,0,0,0,0,0,1,0,0,0
1.0,34.0,23.0,2,2.0,2.0,0,0,1,1,0,0,0,0,0,0,0,0,0,1,0,0,0,1,0,0
0.0,34.0,26.0,2,2.0,2.0,0,0,1,0,1,0,0,0,0,0,0,0,0,1,0,0,1,0,0,0
0.0,28.0,7.8958,3,1.0,1.0,0,0,1,1,0,0,0,0,0,0,0,0,0,1,0,1,0,0,0,0
0.0,28.421210579818556,7.8958,3,1.0,1.0,0,0,1,0,1,0,0,0,0,0,0,0,0,1,0,0,1,0,0,0
0.0,21.0,77.2875,1,2.0,2.0,0,0,1,0,1,0,0,0,1,0,0,0,0,0,0,0,1,0,0,0
0.0,33.0,8.6542,3,1.0,1.0,0,0,1,0,1,0,0,0,0,0,0,0,0,1,0,0,1,0,0,0
0.0,37.0,7.925,3,2.0,1.0,0,0,1,0,1,0,0,0,0,0,0,0,0,1,0,0,1,0,0,0
0.0,28.0,7.8958,3,1.0,1.0,0,0,1,0,1,0,0,0,0,0,0,0,0,1,0,0,1,0,0,0
1.0,21.0,7.65,3,1.0,1.0,0,0,1,1,0,0,0,0,0,0,0,0,0,1,0,1,0,0,0,0
1.0,28.421210579818556,7.775,3,1.0,1.0,0,0,1,0,1,0,0,0,0,0,0,0,0,1,0,0,1,0,0,0
0.0,38.0,7.8958,3,1.0,1.0,0,0,1,0,1,0,0,0,0,0,0,0,0,1,0,0,1,0,0,0
1.0,27.06302345663013,24.15,3,2.0,2.0,0,1,0,1,0,0,0,0,0,0,0,0,0,1,0,1,0,0,0,0
0.0,47.0,52.0,1,1.0,2.0,0,0,1,0,1,0,0,1,0,0,0,0,0,0,0,0,1,0,0,0
0.0,14.5,14.4542,3,2.0,2.0,1,0,0,1,0,0,0,0,0,0,0,0,0,1,0,1,0,0,0,0
0.0,22.0,8.05,3,1.0,1.0,0,0,1,0,1,0,0,0,0,0,0,0,0,1,0,0,1,0,0,0
0.0,20.0,9.825,3,2.0,1.0,0,0,1,1,0,0,0,0,0,0,0,0,0,1,0,1,0,0,0,0
0.0,17.0,14.4583,3,1.0,2.0,1,0,0,1,0,0,0,0,0,0,0,0,0,1,0,1,0,0,0,0
0.0,21.0,7.925,3,1.0,1.0,0,0,1,0,1,0,0,0,0,0,0,0,0,1,0,0,1,0,0,0
0.0,70.5,7.75,3,1.0,1.0,0,1,0,0,1,0,0,0,0,0,0,0,0,1,0,0,1,0,0,0
0.0,29.0,21.0,2,2.0,2.0,0,0,1,0,1,0,0,0,0,0,0,0,0,1,0,0,1,0,0,0
0.0,24.0,247.5208,1,2.0,2.0,1,0,0,0,1,0,1,0,0,0,0,0,0,0,0,0,1,0,0,0
0.0,2.0,31.275,3,1.0,1.0,0,0,1,1,0,0,0,0,0,0,0,0,0,1,0,1,0,0,0,0
0.0,21.0,73.5,2,2.0,1.0,0,0,1,0,1,0,0,0,0,0,0,0,0,1,0,0,1,0,0,0
0.0,28.421210579818556,8.05,3,1.0,1.0,0,0,1,0,1,0,0,0,0,0,0,0,0,1,0,0,1,0,0,0
0.0,32.5,30.0708,2,2.0,2.0,1,0,0,0,1,0,0,0,0,0,0,0,0,1,0,0,1,0,0,0
1.0,32.5,13.0,2,1.0,1.0,0,0,1,1,0,0,0,0,0,1,0,0,0,0,0,1,0,0,0,0
0.0,54.0,77.2875,1,2.0,2.0,0,0,1,0,1,0,0,0,1,0,0,0,0,0,0,0,1,0,0,0
1.0,12.0,11.2417,3,2.0,2.0,1,0,0,0,1,0,0,0,0,0,0,0,0,1,1,0,0,0,0,0
0.0,28.421210579818556,7.75,3,1.0,1.0,0,1,0,0,1,0,0,0,0,0,0,0,0,1,0,0,1,0,0,0
1.0,24.0,7.1417,3,1.0,1.0,0,0,1,0,1,0,0,0,0,0,0,0,0,1,0,0,1,0,0,0
1.0,16.866689866702583,22.3583,3,2.0,2.0,1,0,0,1,0,0,0,0,0,0,1,0,0,0,0,1,0,0,0,0
0.0,45.0,6.975,3,1.0,1.0,0,0,1,0,1,0,0,0,0,0,0,0,0,1,0,0,1,0,0,0
0.0,33.0,7.8958,3,1.0,1.0,1,0,0,0,1,0,0,0,0,0,0,0,0,1,0,0,1,0,0,0
0.0,20.0,7.05,3,1.0,1.0,0,0,1,0,1,0,0,0,0,0,0,0,0,1,0,0,1,0,0,0
0.0,47.0,14.5,3,2.0,2.0,0,0,1,1,0,0,0,0,0,0,0,0,0,1,0,0,0,1,0,0
1.0,29.0,26.0,2,2.0,2.0,0,0,1,1,0,0,0,0,0,0,0,0,0,1,0,0,0,1,0,0
0.0,25.0,13.0,2,1.0,1.0,0,0,1,0,1,0,0,0,0,0,0,0,0,1,0,0,1,0,0,0
0.0,23.0,15.0458,2,1.0,1.0,1,0,0,0,1,0,0,0,0,0,0,0,0,1,0,0,1,0,0,0
1.0,19.0,26.2833,1,2.0,1.0,0,0,1,1,0,0,0,0,1,0,0,0,0,0,0,1,0,0,0,0
0.0,37.0,53.1,1,2.0,2.0,0,0,1,0,1,0,0,1,0,0,0,0,0,0,0,0,1,0,0,0
0.0,16.0,9.2167,3,1.0,2.0,0,0,1,0,1,0,0,0,0,0,0,0,0,1,0,0,1,0,0,0
0.0,24.0,79.2,1,1.0,2.0,1,0,0,0,1,0,1,0,0,0,0,0,0,0,0,0,1,0,0,0
0.0,22.708543985426335,15.2458,3,2.0,2.0,1,0,0,1,0,0,0,0,0,0,0,0,0,1,0,0,0,1,0,0
1.0,22.0,7.75,3,1.0,1.0,0,0,1,1,0,0,0,0,0,0,0,0,0,1,0,1,0,0,0,0
1.0,24.0,15.85,3,2.0,2.0,0,0,1,1,0,0,0,0,0,0,0,0,0,1,0,0,0,1,0,0
0.0,19.0,6.75,3,1.0,1.0,0,1,0,0,1,0,0,0,0,0,0,0,0,1,0,0,1,0,0,0
0.0,18.0,11.5,2,1.0,1.0,0,0,1,0,1,0,0,0,0,0,0,0,0,1,0,0,1,0,0,0
0.0,19.0,36.75,2,2.0,2.0,0,0,1,0,1,0,0,0,0,0,0,0,0,1,0,0,1,0,0,0
1.0,27.0,7.7958,3,1.0,1.0,0,0,1,0,1,0,0,0,0,0,0,0,0,1,0,0,1,0,0,0
0.0,9.0,34.375,3,1.0,1.0,0,0,1,1,0,0,0,0,0,0,0,0,0,1,0,1,0,0,0,0
0.0,36.5,26.0,2,2.0,2.0,0,0,1,0,1,0,0,0,0,0,1,0,0,0,0,0,1,0,0,0
0.0,42.0,13.0,2,1.0,1.0,0,0,1,0,1,0,0,0,0,0,0,0,0,1,0,0,0,0,1,0
0.0,51.0,12.525,2,1.0,1.0,0,0,1,0,1,0,0,0,0,0,0,0,0,1,0,0,0,0,1,0
1.0,22.0,66.6,1,2.0,2.0,0,0,1,1,0,0,0,1,0,0,0,0,0,0,0,0,0,1,0,0
0.0,55.5,8.05,3,1.0,1.0,0,0,1,0,1,0,0,0,0,0,0,0,0,1,0,0,1,0,0,0
0.0,40.5,14.5,3,2.0,2.0,0,0,1,0,1,0,0,0,0,0,0,0,0,1,0,0,1,0,0,0
0.0,28.421210579818556,7.3125,3,1.0,1.0,0,0,1,0,1,0,0,0,0,0,0,0,0,1,0,0,1,0,0,0
0.0,51.0,61.3792,1,2.0,2.0,1,0,0,0,1,0,0,0,0,0,0,0,0,1,0,0,1,0,0,0
1.0,16.0,7.7333,3,1.0,1.0,0,1,0,1,0,0,0,0,0,0,0,0,0,1,0,1,0,0,0,0
0.0,30.0,8.05,3,1.0,1.0,0,0,1,0,1,0,0,0,0,0,0,0,0,1,0,0,1,0,0,0
0.0,28.421210579818556,8.6625,3,1.0,1.0,0,0,1,0,1,0,0,0,0,0,0,0,0,1,0,0,1,0,0,0
0.0,13.120047619047618,69.55,3,0.0,0.0,0,0,1,0,1,0,0,0,0,0,0,0,0,1,1,0,0,0,0,0
0.0,44.0,16.1,3,2.0,2.0,0,0,1,0,1,0,0,0,0,0,0,0,0,1,0,0,1,0,0,0
1.0,40.0,15.75,2,1.0,2.0,0,0,1,1,0,0,0,0,0,0,0,0,0,1,0,0,0,1,0,0
0.0,26.0,7.775,3,1.0,1.0,0,0,1,0,1,0,0,0,0,0,0,0,0,1,0,0,1,0,0,0
0.0,17.0,8.6625,3,1.0,1.0,0,0,1,0,1,0,0,0,0,0,0,0,0,1,0,0,1,0,0,0
0.0,1.0,39.6875,3,1.0,1.0,0,0,1,0,1,0,0,0,0,0,0,0,0,1,1,0,0,0,0,0
1.0,9.0,20.525,3,2.0,2.0,0,0,1,0,1,0,0,0,0,0,0,0,0,1,1,0,0,0,0,0
1.0,36.368989397575405,55.0,1,2.0,2.0,0,0,1,1,0,0,0,0,0,1,0,0,0,0,0,0,0,1,0,0
0.0,45.0,27.9,3,1.0,1.0,0,0,1,1,0,0,0,0,0,0,0,0,0,1,0,0,0,1,0,0
0.0,42.91931074644119,25.925,1,1.0,1.0,0,0,1,0,1,0,0,0,0,0,0,0,0,1,0,0,1,0,0,0
0.0,28.0,56.4958,3,1.0,1.0,0,0,1,0,1,0,0,0,0,0,0,0,0,1,0,0,1,0,0,0
0.0,61.0,33.5,1,1.0,1.0,0,0,1,0,1,0,1,0,0,0,0,0,0,0,0,0,1,0,0,0
0.0,4.0,29.125,3,1.0,1.0,0,1,0,0,1,0,0,0,0,0,0,0,0,1,1,0,0,0,0,0
1.0,1.0,11.1333,3,2.0,2.0,0,0,1,1,0,0,0,0,0,0,0,0,0,1,0,1,0,0,0,0
0.0,21.0,7.925,3,1.0,1.0,0,0,1,0,1,0,0,0,0,0,0,0,0,1,0,0,1,0,0,0
0.0,56.0,30.6958,1,1.0,1.0,1,0,0,0,1,1,0,0,0,0,0,0,0,0,0,0,1,0,0,0
0.0,18.0,7.8542,3,2.0,1.0,0,0,1,0,1,0,0,0,0,0,0,0,0,1,0,0,1,0,0,0
0.0,10.365559523809523,25.4667,3,1.0,1.0,0,0,1,0,1,0,0,0,0,0,0,0,0,1,1,0,0,0,0,0
0.0,50.0,28.7125,1,1.0,1.0,1,0,0,1,0,0,0,1,0,0,0,0,0,0,0,1,0,0,0,0
0.0,30.0,13.0,2,1.0,1.0,0,0,1,0,1,0,0,0,0,0,0,0,0,1,0,0,1,0,0,0
0.0,36.0,0.0,3,1.0,2.0,0,0,1,0,1,0,0,0,0,0,0,0,0,1,0,0,1,0,0,0
0.0,13.4325,69.55,3,0.0,0.0,0,0,1,1,0,0,0,0,0,0,0,0,0,1,0,1,0,0,0,0
0.0,32.809148444153756,15.05,2,1.0,1.0,1,0,0,0,1,0,0,0,0,0,0,0,0,1,0,0,1,0,0,0
0.0,9.0,31.3875,3,1.0,1.0,0,0,1,0,1,0,0,0,0,0,0,0,0,1,1,0,0,0,0,0
1.0,1.0,39.0,2,2.0,2.0,0,0,1,0,1,0,0,0,0,0,1,0,0,0,1,0,0,0,0,0
1.0,4.0,22.025,3,2.0,2.0,0,0,1,1,0,0,0,0,0,0,0,0,0,1,0,1,0,0,0,0
0.0,42.91931074644119,50.0,1,1.0,1.0,0,0,1,0,1,1,0,0,0,0,0,0,0,0,0,0,1,0,0,0
1.0,27.06302345663013,15.5,3,2.0,2.0,0,1,0,1,0,0,0,0,0,0,0,0,0,1,0,0,0,1,0,0
1.0,45.0,26.55,1,1.0,1.0,0,0,1,0,1,0,0,0,0,0,0,0,0,1,0,0,1,0,0,0
0.0,40.0,15.5,3,2.0,2.0,0,1,0,0,1,0,0,0,0,0,0,0,0,1,0,0,1,0,0,0
0.0,36.0,7.8958,3,1.0,1.0,0,0,1,0,1,0,0,0,0,0,0,0,0,1,0,0,1,0,0,0
1.0,32.0,13.0,2,1.0,1.0,0,0,1,1,0,0,0,0,0,0,0,0,0,1,0,0,0,1,0,0
0.0,19.0,13.0,2,1.0,1.0,0,0,1,0,1,0,0,0,0,0,0,0,0,1,0,0,1,0,0,0
1.0,19.0,7.8542,3,2.0,1.0,0,0,1,1,0,0,0,0,0,0,0,0,0,1,0,1,0,0,0,0
1.0,3.0,26.0,2,2.0,2.0,0,0,1,0,1,0,0,0,0,0,1,0,0,0,1,0,0,0,0,0
1.0,44.0,27.7208,1,1.0,1.0,1,0,0,1,0,0,1,0,0,0,0,0,0,0,0,0,0,1,0,0
1.0,58.0,146.5208,1,1.0,2.0,1,0,0,1,0,0,1,0,0,0,0,0,0,0,0,1,0,0,0,0
0.0,28.421210579818556,7.75,3,1.0,1.0,0,1,0,0,1,0,0,0,0,0,0,0,0,1,0,0,1,0,0,0
0.0,42.0,8.4042,3,2.0,1.0,0,0,1,0,1,0,0,0,0,0,0,0,0,1,0,0,1,0,0,0
1.0,24.214279150809407,7.75,3,1.0,1.0,0,1,0,1,0,0,0,0,0,0,0,0,0,1,0,1,0,0,0,0
0.0,24.0,13.0,2,1.0,1.0,0,0,1,1,0,0,0,0,0,0,0,0,0,1,0,1,0,0,0,0
0.0,28.0,9.5,3,1.0,1.0,0,0,1,0,1,0,0,0,0,0,0,0,0,1,0,0,1,0,0,0
0.0,13.120047619047618,69.55,3,0.0,0.0,0,0,1,0,1,0,0,0,0,0,0,0,0,1,0,0,1,0,0,0
0.0,34.0,6.4958,3,1.0,1.0,0,0,1,0,1,0,0,0,0,0,0,0,0,1,0,0,1,0,0,0
0.0,45.5,7.225,3,1.0,1.0,1,0,0,0,1,0,0,0,0,0,0,0,0,1,0,0,1,0,0,0
1.0,18.0,8.05,3,1.0,1.0,0,0,1,0,1,0,0,0,0,0,0,0,0,1,0,0,1,0,0,0
0.0,2.0,10.4625,3,2.0,2.0,0,0,1,1,0,0,0,0,0,0,0,1,0,0,0,1,0,0,0,0
0.0,32.0,15.85,3,2.0,2.0,0,0,1,0,1,0,0,0,0,0,0,0,0,1,0,0,1,0,0,0
1.0,26.0,18.7875,3,1.0,2.0,1,0,0,0,1,0,0,0,0,0,0,0,0,1,0,0,1,0,0,0
1.0,16.0,7.75,3,1.0,1.0,0,1,0,1,0,0,0,0,0,0,0,0,0,1,0,1,0,0,0,0
1.0,40.0,31.0,1,1.0,1.0,1,0,0,0,1,1,0,0,0,0,0,0,0,0,0,0,1,0,0,0
0.0,24.0,7.05,3,1.0,1.0,0,0,1,0,1,0,0,0,0,0,0,0,0,1,0,0,1,0,0,0
1.0,35.0,21.0,2,1.0,2.0,0,0,1,1,0,0,0,0,0,0,0,0,0,1,0,1,0,0,0,0
0.0,22.0,7.25,3,1.0,1.0,0,0,1,0,1,0,0,0,0,0,0,0,0,1,0,0,1,0,0,0
0.0,30.0,13.0,2,1.0,1.0,0,0,1,0,1,0,0,0,0,0,0,0,0,1,0,0,1,0,0,0
0.0,25.88010381537314,7.75,3,2.0,1.0,0,1,0,0,1,0,0,0,0,0,0,0,0,1,0,0,1,0,0,0
1.0,31.0,113.275,1,2.0,2.0,1,0,0,1,0,0,0,0,1,0,0,0,0,0,0,1,0,0,0,0
1.0,27.0,7.925,3,1.0,1.0,0,0,1,1,0,0,0,0,0,0,0,0,0,1,0,1,0,0,0,0
0.0,42.0,27.0,2,2.0,2.0,0,0,1,0,1,0,0,0,0,0,0,0,0,1,0,0,1,0,0,0
1.0,32.0,76.2917,1,1.0,2.0,1,0,0,1,0,0,0,0,1,0,0,0,0,0,0,1,0,0,0,0
0.0,30.0,10.5,2,1.0,1.0,0,0,1,0,1,0,0,0,0,0,0,0,0,1,0,0,1,0,0,0
1.0,16.0,8.05,3,1.0,1.0,0,0,1,0,1,0,0,0,0,0,0,0,0,1,0,0,1,0,0,0
0.0,27.0,13.0,2,1.0,1.0,0,0,1,0,1,0,0,0,0,0,0,0,0,1,0,0,1,0,0,0
0.0,51.0,8.05,3,1.0,1.0,0,0,1,0,1,0,0,0,0,0,0,0,0,1,0,0,1,0,0,0
0.0,28.421210579818556,7.8958,3,1.0,1.0,0,0,1,0,1,0,0,0,0,0,0,0,0,1,0,0,1,0,0,0
1.0,38.0,90.0,1,2.0,2.0,0,0,1,0,1,0,0,1,0,0,0,0,0,0,0,0,1,0,0,0
0.0,22.0,9.35,3,1.0,1.0,0,0,1,0,1,0,0,0,0,0,0,0,0,1,0,0,1,0,0,0
1.0,19.0,10.5,2,1.0,1.0,0,0,1,0,1,0,0,0,0,0,0,0,0,1,0,0,1,0,0,0
0.0,20.5,7.25,3,1.0,1.0,0,0,1,0,1,0,0,0,0,0,0,0,0,1,0,0,1,0,0,0
0.0,18.0,13.0,2,1.0,1.0,0,0,1,0,1,0,0,0,0,0,0,0,0,1,0,0,1,0,0,0
0.0,5.576768398268398,25.4667,3,1.0,1.0,0,0,1,1,0,0,0,0,0,0,0,0,0,1,0,1,0,0,0,0
1.0,35.0,83.475,1,2.0,2.0,0,0,1,1,0,0,0,1,0,0,0,0,0,0,0,0,0,1,0,0
0.0,29.0,7.775,3,1.0,1.0,0,0,1,0,1,0,0,0,0,0,0,0,0,1,0,0,1,0,0,0
0.0,59.0,13.5,2,1.0,1.0,0,0,1,0,1,0,0,0,0,0,0,0,0,1,0,0,1,0,0,0
1.0,5.0,31.3875,3,1.0,1.0,0,0,1,1,0,0,0,0,0,0,0,0,0,1,0,1,0,0,0,0
0.0,24.0,10.5,2,1.0,1.0,0,0,1,0,1,0,0,0,0,0,0,0,0,1,0,0,1,0,0,0
0.0,24.214279150809407,7.55,3,1.0,1.0,0,0,1,1,0,0,0,0,0,0,0,0,0,1,0,1,0,0,0,0
0.0,44.0,26.0,2,2.0,2.0,0,0,1,0,1,0,0,0,0,0,0,0,0,1,0,0,1,0,0,0
1.0,8.0,26.25,2,2.0,2.0,0,0,1,1,0,0,0,0,0,0,0,0,0,1,0,1,0,0,0,0
0.0,19.0,10.5,2,1.0,1.0,0,0,1,0,1,0,0,0,0,0,0,0,0,1,0,0,1,0,0,0
0.0,33.0,12.275,2,1.0,1.0,0,0,1,0,1,0,0,0,0,0,0,0,0,1,0,0,1,0,0,0
0.0,27.06302345663013,14.4542,3,2.0,2.0,1,0,0,1,0,0,0,0,0,0,0,0,0,1,0,1,0,0,0,0
1.0,27.06302345663013,15.5,3,2.0,2.0,0,1,0,1,0,0,0,0,0,0,0,0,0,1,0,1,0,0,0,0
0.0,29.0,10.5,2,1.0,1.0,0,0,1,0,1,0,0,0,0,0,0,0,0,1,0,0,1,0,0,0
0.0,22.0,7.125,3,1.0,1.0,0,0,1,0,1,0,0,0,0,0,0,0,0,1,0,0,1,0,0,0
0.0,30.0,7.225,3,1.0,1.0,1,0,0,0,1,0,0,0,0,0,0,0,0,1,0,0,1,0,0,0
0.0,44.0,90.0,1,2.0,2.0,0,1,0,0,1,0,0,1,0,0,0,0,0,0,0,0,0,0,1,0
0.0,25.0,7.775,3,1.0,1.0,0,0,1,1,0,0,0,0,0,0,0,0,0,1,0,1,0,0,0,0
1.0,24.0,14.5,2,2.0,2.0,0,0,1,1,0,0,0,0,0,0,0,0,0,1,0,0,0,1,0,0
1.0,37.0,52.5542,1,2.0,2.0,0,0,1,0,1,0,0,0,1,0,0,0,0,0,0,0,1,0,0,0
0.0,54.0,26.0,2,2.0,2.0,0,0,1,0,1,0,0,0,0,0,0,0,0,1,0,0,0,0,1,0
0.0,28.421210579818556,7.25,3,1.0,1.0,0,0,1,0,1,0,0,0,0,0,0,0,0,1,0,0,1,0,0,0
0.0,29.0,10.4625,3,2.0,2.0,0,0,1,1,0,0,0,0,0,0,0,1,0,0,0,0,0,1,0,0
0.0,62.0,26.55,1,1.0,1.0,0,0,1,0,1,0,0,1,0,0,0,0,0,0,0,0,1,0,0,0
0.0,30.0,16.1,3,2.0,2.0,0,0,1,0,1,0,0,0,0,0,0,0,0,1,0,0,1,0,0,0
0.0,41.0,20.2125,3,2.0,2.0,0,0,1,1,0,0,0,0,0,0,0,0,0,1,0,0,0,1,0,0
1.0,29.0,15.2458,3,2.0,2.0,1,0,0,1,0,0,0,0,0,0,0,0,0,1,0,0,0,1,0,0
1.0,36.44560766698366,79.2,1,1.0,2.0,1,0,0,1,0,0,0,0,0,0,0,0,0,1,0,0,0,1,0,0
1.0,30.0,86.5,1,1.0,2.0,0,0,1,1,0,0,1,0,0,0,0,0,0,0,0,1,0,0,0,0
1.0,35.0,512.3292,1,1.0,2.0,1,0,0,1,0,0,0,0,0,0,0,0,0,1,0,1,0,0,0,0
1.0,50.0,26.0,2,2.0,2.0,0,0,1,1,0,0,0,0,0,0,0,0,0,1,0,0,0,1,0,0
0.0,28.421210579818556,7.75,3,1.0,1.0,0,1,0,0,1,0,0,0,0,0,0,0,0,1,0,0,1,0,0,0
1.0,3.0,31.3875,3,1.0,1.0,0,0,1,0,1,0,0,0,0,0,0,0,0,1,1,0,0,0,0,0
0.0,52.0,79.65,1,2.0,2.0,0,0,1,0,1,0,0,0,0,1,0,0,0,0,0,0,1,0,0,0
0.0,40.0,0.0,1,1.0,1.0,0,0,1,0,1,0,1,0,0,0,0,0,0,0,0,0,1,0,0,0
0.0,24.214279150809407,7.75,3,1.0,1.0,0,1,0,1,0,0,0,0,0,0,0,0,0,1,0,1,0,0,0,0
0.0,36.0,10.5,2,1.0,1.0,0,0,1,0,1,0,0,0,0,0,0,0,0,1,0,0,1,0,0,0
0.0,16.0,39.6875,3,1.0,1.0,0,0,1,0,1,0,0,0,0,0,0,0,0,1,0,0,1,0,0,0
1.0,25.0,7.775,3,2.0,1.0,0,0,1,0,1,0,0,0,0,0,0,0,0,1,0,0,1,0,0,0
1.0,58.0,153.4625,1,2.0,2.0,0,0,1,1,0,0,0,1,0,0,0,0,0,0,0,0,0,1,0,0
1.0,35.0,135.6333,1,1.0,2.0,0,0,1,1,0,0,0,1,0,0,0,0,0,0,0,1,0,0,0,0
0.0,42.91931074644119,31.0,1,1.0,2.0,0,0,1,0,1,0,0,0,0,0,0,0,0,1,0,0,1,0,0,0
1.0,25.0,0.0,3,1.0,2.0,0,0,1,0,1,0,0,0,0,0,0,0,0,1,0,0,1,0,0,0
1.0,41.0,19.5,2,2.0,2.0,0,0,1,1,0,0,0,0,0,0,0,0,0,1,0,0,0,1,0,0
0.0,37.0,29.7,1,2.0,1.0,1,0,0,0,1,0,0,1,0,0,0,0,0,0,0,0,1,0,0,0
1.0,24.214279150809407,7.75,3,1.0,1.0,0,1,0,1,0,0,0,0,0,0,0,0,0,1,0,1,0,0,0,0
1.0,63.0,77.9583,1,2.0,2.0,0,0,1,1,0,0,0,0,1,0,0,0,0,0,0,1,0,0,0,0
0.0,45.0,7.75,3,1.0,1.0,0,0,1,1,0,0,0,0,0,0,0,0,0,1,0,1,0,0,0,0
0.0,32.809148444153756,0.0,2,1.0,2.0,0,0,1,0,1,0,0,0,0,0,0,0,0,1,0,0,1,0,0,0
0.0,7.0,29.125,3,1.0,1.0,0,1,0,0,1,0,0,0,0,0,0,0,0,1,1,0,0,0,0,0
1.0,35.0,20.25,3,2.0,2.0,0,0,1,1,0,0,0,0,0,0,0,0,0,1,0,0,0,1,0,0
0.0,65.0,7.75,3,1.0,1.0,0,1,0,0,1,0,0,0,0,0,0,0,0,1,0,0,1,0,0,0
0.0,28.0,7.8542,3,1.0,1.0,0,0,1,0,1,0,0,0,0,0,0,0,0,1,0,0,1,0,0,0
0.0,16.0,9.5,3,1.0,1.0,0,0,1,0,1,0,0,0,0,0,0,0,0,1,0,0,1,0,0,0
1.0,19.0,8.05,3,1.0,1.0,0,0,1,0,1,0,0,0,0,0,0,0,0,1,0,0,1,0,0,0
0.0,42.91931074644119,26.0,1,1.0,1.0,0,0,1,0,1,1,0,0,0,0,0,0,0,0,0,0,1,0,0,0
0.0,33.0,8.6625,3,1.0,1.0,1,0,0,0,1,0,0,0,0,0,0,0,0,1,0,0,1,0,0,0
1.0,30.0,9.5,3,1.0,1.0,0,0,1,0,1,0,0,0,0,0,0,0,0,1,0,0,1,0,0,0
0.0,22.0,7.8958,3,1.0,1.0,0,0,1,0,1,0,0,0,0,0,0,0,0,1,0,0,1,0,0,0
1.0,42.0,13.0,2,1.0,1.0,0,0,1,0,1,0,0,0,0,0,0,0,0,1,0,0,1,0,0,0
1.0,22.0,7.75,3,1.0,1.0,0,1,0,1,0,0,0,0,0,0,0,0,0,1,0,1,0,0,0,0
1.0,26.0,78.85,1,1.0,2.0,0,0,1,1,0,0,0,0,0,0,0,0,0,1,0,1,0,0,0,0
1.0,19.0,91.0792,1,2.0,2.0,1,0,0,1,0,0,1,0,0,0,0,0,0,0,0,0,0,1,0,0
0.0,36.0,12.875,2,1.0,1.0,1,0,0,0,1,0,0,0,1,0,0,0,0,0,0,0,1,0,0,0
0.0,24.0,8.85,3,1.0,1.0,0,0,1,1,0,0,0,0,0,0,0,0,0,1,0,1,0,0,0,0
0.0,24.0,7.8958,3,1.0,1.0,0,0,1,0,1,0,0,0,0,0,0,0,0,1,0,0,1,0,0,0
0.0,42.91931074644119,27.7208,1,1.0,1.0,1,0,0,0,1,0,0,0,0,0,0,0,0,1,0,0,1,0,0,0
0.0,23.5,7.2292,3,1.0,1.0,1,0,0,0,1,0,0,0,0,0,0,0,0,1,0,0,1,0,0,0
0.0,2.0,151.55,1,2.0,1.0,0,0,1,1,0,0,0,1,0,0,0,0,0,0,0,1,0,0,0,0
1.0,42.91931074644119,30.5,1,1.0,1.0,0,0,1,0,1,0,0,1,0,0,0,0,0,0,0,0,1,0,0,0
1.0,50.0,247.5208,1,2.0,2.0,1,0,0,1,0,0,1,0,0,0,0,0,0,0,0,0,0,1,0,0
1.0,24.214279150809407,7.75,3,1.0,1.0,0,1,0,1,0,0,0,0,0,0,0,0,0,1,0,1,0,0,0,0
1.0,26.228539862914868,23.25,3,2.0,2.0,0,1,0,0,1,0,0,0,0,0,0,0,0,1,0,0,1,0,0,0
0.0,19.0,0.0,3,1.0,2.0,0,0,1,0,1,0,0,0,0,0,0,0,0,1,0,0,1,0,0,0
1.0,31.00289530569455,12.35,2,1.0,1.0,0,1,0,1,0,0,0,0,0,1,0,0,0,0,0,1,0,0,0,0
0.0,28.421210579818556,8.05,3,1.0,1.0,0,0,1,0,1,0,0,0,0,0,0,0,0,1,0,0,1,0,0,0
1.0,0.92,151.55,1,2.0,1.0,0,0,1,0,1,0,0,1,0,0,0,0,0,0,1,0,0,0,0,0
1.0,36.44560766698366,110.8833,1,1.0,2.0,1,0,0,1,0,0,0,0,0,0,0,0,0,1,0,1,0,0,0,0
1.0,17.0,108.9,1,2.0,2.0,1,0,0,1,0,0,0,1,0,0,0,0,0,0,0,0,0,1,0,0
0.0,30.0,24.0,2,2.0,2.0,1,0,0,0,1,0,0,0,0,0,0,0,0,1,0,0,1,0,0,0
1.0,30.0,56.9292,1,1.0,2.0,1,0,0,1,0,0,0,0,0,1,0,0,0,0,0,1,0,0,0,0
1.0,24.0,83.1583,1,1.0,2.0,1,0,0,1,0,0,0,1,0,0,0,0,0,0,0,1,0,0,0,0
1.0,18.0,262.375,1,1.0,1.0,1,0,0,1,0,0,1,0,0,0,0,0,0,0,0,1,0,0,0,0
0.0,26.0,26.0,2,2.0,2.0,0,0,1,1,0,0,0,0,0,0,0,0,0,1,0,0,0,1,0,0
0.0,28.0,7.8958,3,1.0,1.0,0,0,1,0,1,0,0,0,0,0,0,0,0,1,0,0,1,0,0,0
0.0,43.0,26.25,2,2.0,2.0,0,0,1,0,1,0,0,0,0,0,0,0,0,1,0,0,1,0,0,0
1.0,26.0,7.8542,3,1.0,1.0,0,0,1,1,0,0,0,0,0,0,0,0,0,1,0,1,0,0,0,0
1.0,24.0,26.0,2,2.0,2.0,0,0,1,1,0,0,0,0,0,0,0,0,0,1,0,0,0,1,0,0
0.0,54.0,14.0,2,1.0,1.0,0,0,1,0,1,0,0,0,0,0,0,0,0,1,0,0,0,0,1,0
1.0,31.0,164.8667,1,2.0,2.0,0,0,1,1,0,0,0,1,0,0,0,0,0,0,0,1,0,0,0,0
1.0,40.0,134.5,1,2.0,1.0,1,0,0,1,0,0,0,0,0,1,0,0,0,0,0,0,0,1,0,0
0.0,22.0,7.25,3,1.0,1.0,0,0,1,0,1,0,0,0,0,0,0,0,0,1,0,0,1,0,0,0
0.0,27.0,7.8958,3,1.0,1.0,0,0,1,0,1,0,0,0,0,0,0,0,0,1,0,0,1,0,0,0
1.0,30.0,12.35,2,1.0,1.0,0,1,0,1,0,0,0,0,0,0,0,0,0,1,0,1,0,0,0,0
1.0,22.0,29.0,2,2.0,2.0,0,0,1,1,0,0,0,0,0,0,0,0,0,1,0,0,0,1,0,0
0.0,13.120047619047618,69.55,3,0.0,0.0,0,0,1,0,1,0,0,0,0,0,0,0,0,1,0,0,1,0,0,0
1.0,36.0,135.6333,1,1.0,2.0,1,0,0,1,0,0,0,1,0,0,0,0,0,0,0,1,0,0,0,0
0.0,61.0,6.2375,3,1.0,1.0,0,0,1,0,1,0,0,0,0,0,0,0,0,1,0,0,1,0,0,0
1.0,36.0,13.0,2,1.0,1.0,0,0,1,1,0,0,0,0,1,0,0,0,0,0,0,0,0,1,0,0
1.0,31.0,20.525,3,2.0,2.0,0,0,1,1,0,0,0,0,0,0,0,0,0,1,0,0,0,1,0,0
1.0,16.0,57.9792,1,2.0,2.0,1,0,0,1,0,0,1,0,0,0,0,0,0,0,0,1,0,0,0,0
1.0,21.044917858739414,23.25,3,2.0,2.0,0,1,0,1,0,0,0,0,0,0,0,0,0,1,0,1,0,0,0,0
0.0,45.5,28.5,1,1.0,1.0,0,0,1,0,1,0,0,1,0,0,0,0,0,0,0,0,1,0,0,0
0.0,38.0,153.4625,1,2.0,2.0,0,0,1,0,1,0,0,1,0,0,0,0,0,0,0,0,1,0,0,0
0.0,16.0,18.0,3,2.0,2.0,0,0,1,0,1,0,0,0,0,0,0,0,0,1,0,0,1,0,0,0
1.0,38.05502360942216,133.65,1,2.0,2.0,0,0,1,1,0,0,0,0,0,0,0,0,0,1,0,0,0,1,0,0
0.0,28.421210579818556,7.8958,3,1.0,1.0,0,0,1,0,1,0,0,0,0,0,0,0,0,1,0,0,1,0,0,0
0.0,29.0,66.6,1,2.0,2.0,0,0,1,0,1,0,0,1,0,0,0,0,0,0,0,0,1,0,0,0
1.0,41.0,134.5,1,1.0,1.0,1,0,0,1,0,0,0,0,0,1,0,0,0,0,0,1,0,0,0,0
1.0,45.0,8.05,3,1.0,1.0,0,0,1,0,1,0,0,0,0,0,0,0,0,1,0,0,1,0,0,0
0.0,45.0,35.5,1,1.0,1.0,0,0,1,0,1,0,0,0,0,0,0,0,1,0,0,0,1,0,0,0
1.0,2.0,26.0,2,2.0,2.0,0,0,1,0,1,0,0,0,0,0,1,0,0,0,1,0,0,0,0,0
1.0,24.0,263.0,1,1.0,1.0,0,0,1,1,0,0,0,1,0,0,0,0,0,0,0,1,0,0,0,0
0.0,28.0,13.0,2,1.0,1.0,0,0,1,0,1,0,0,0,0,0,0,0,0,1,0,0,1,0,0,0
0.0,25.0,13.0,2,1.0,1.0,0,0,1,0,1,0,0,0,0,0,0,0,0,1,0,0,1,0,0,0
0.0,36.0,13.0,2,1.0,1.0,0,0,1,0,1,0,0,0,0,0,0,0,0,1,0,0,1,0,0,0
1.0,24.0,13.0,2,1.0,1.0,0,0,1,1,0,0,0,0,0,0,1,0,0,0,0,1,0,0,0,0
1.0,40.0,13.0,2,1.0,1.0,0,0,1,1,0,0,0,0,0,0,0,0,0,1,0,1,0,0,0,0
1.0,27.06302345663013,16.1,3,2.0,2.0,0,0,1,1,0,0,0,0,0,0,0,0,0,1,0,0,0,1,0,0
1.0,3.0,15.9,3,2.0,2.0,0,0,1,0,1,0,0,0,0,0,0,0,0,1,1,0,0,0,0,0
0.0,42.0,8.6625,3,1.0,1.0,0,0,1,0,1,0,0,0,0,0,0,0,0,1,0,0,1,0,0,0
0.0,23.0,9.225,3,1.0,1.0,0,0,1,0,1,0,0,0,0,0,0,0,0,1,0,0,1,0,0,0
0.0,42.91931074644119,35.0,1,1.0,1.0,0,0,1,0,1,0,0,1,0,0,0,0,0,0,0,0,1,0,0,0
0.0,15.0,7.2292,3,2.0,1.0,1,0,0,0,1,0,0,0,0,0,0,0,0,1,0,0,1,0,0,0
0.0,25.0,17.8,3,2.0,2.0,0,0,1,0,1,0,0,0,0,0,0,0,0,1,0,0,1,0,0,0
0.0,28.421210579818556,7.225,3,1.0,1.0,1,0,0,0,1,0,0,0,0,0,0,0,0,1,0,0,1,0,0,0
0.0,28.0,9.5,3,1.0,1.0,0,0,1,0,1,0,0,0,0,0,0,0,0,1,0,0,1,0,0,0
1.0,22.0,55.0,1,2.0,2.0,0,0,1,1,0,0,0,0,0,1,0,0,0,0,0,1,0,0,0,0
0.0,38.0,13.0,2,1.0,1.0,0,0,1,1,0,0,0,0,0,0,0,0,0,1,0,1,0,0,0,0
1.0,24.214279150809407,7.8792,3,1.0,1.0,0,1,0,1,0,0,0,0,0,0,0,0,0,1,0,1,0,0,0,0
1.0,24.214279150809407,7.8792,3,1.0,1.0,0,1,0,1,0,0,0,0,0,0,0,0,0,1,0,1,0,0,0,0
0.0,40.0,27.9,3,1.0,1.0,0,0,1,0,1,0,0,0,0,0,0,0,0,1,0,0,1,0,0,0
0.0,29.0,27.7208,2,2.0,2.0,1,0,0,0,1,0,0,0,0,0,0,0,0,1,0,0,1,0,0,0
0.0,45.0,14.4542,3,2.0,2.0,1,0,0,1,0,0,0,0,0,0,0,0,0,1,0,0,0,1,0,0
0.0,35.0,7.05,3,1.0,1.0,0,0,1,0,1,0,0,0,0,0,0,0,0,1,0,0,1,0,0,0
0.0,25.88010381537314,15.5,3,2.0,2.0,0,1,0,0,1,0,0,0,0,0,0,0,0,1,0,0,1,0,0,0
0.0,30.0,7.25,3,1.0,1.0,0,0,1,0,1,0,0,0,0,0,0,0,0,1,0,0,1,0,0,0
1.0,60.0,75.25,1,2.0,2.0,1,0,0,1,0,0,0,0,1,0,0,0,0,0,0,0,0,1,0,0
1.0,24.214279150809407,7.2292,3,1.0,1.0,1,0,0,1,0,0,0,0,0,0,0,0,0,1,0,0,0,1,0,0
1.0,24.214279150809407,7.75,3,1.0,1.0,0,1,0,1,0,0,0,0,0,0,0,0,0,1,0,1,0,0,0,0
1.0,24.0,69.3,1,1.0,2.0,1,0,0,1,0,0,1,0,0,0,0,0,0,0,0,0,0,1,0,0
1.0,25.0,55.4417,1,2.0,2.0,1,0,0,0,1,0,0,0,0,1,0,0,0,0,0,0,1,0,0,0
0.0,18.0,6.4958,3,2.0,1.0,0,0,1,0,1,0,0,0,0,0,0,0,0,1,0,0,1,0,0,0
0.0,19.0,8.05,3,1.0,1.0,0,0,1,0,1,0,0,0,0,0,0,0,0,1,0,0,1,0,0,0
0.0,22.0,135.6333,1,1.0,2.0,1,0,0,0,1,0,0,0,0,0,0,0,0,1,0,0,1,0,0,0
0.0,3.0,21.075,3,1.0,1.0,0,0,1,1,0,0,0,0,0,0,0,0,0,1,0,1,0,0,0,0
1.0,38.05502360942216,82.1708,1,2.0,2.0,1,0,0,1,0,0,0,0,0,0,0,0,0,1,0,0,0,1,0,0
1.0,22.0,7.25,3,1.0,1.0,0,0,1,1,0,0,0,0,0,0,0,0,0,1,0,1,0,0,0,0
0.0,27.0,211.5,1,2.0,1.0,1,0,0,0,1,0,0,1,0,0,0,0,0,0,0,0,1,0,0,0
0.0,20.0,4.0125,3,1.0,1.0,1,0,0,0,1,0,0,0,0,0,0,0,0,1,0,0,1,0,0,0
0.0,19.0,7.775,3,1.0,1.0,0,0,1,0,1,0,0,0,0,0,0,0,0,1,0,0,1,0,0,0
1.0,42.0,227.525,1,1.0,1.0,1,0,0,1,0,0,0,0,0,0,0,0,0,1,0,1,0,0,0,0
1.0,1.0,15.7417,3,2.0,2.0,1,0,0,1,0,0,0,0,0,0,0,0,0,1,0,1,0,0,0,0
0.0,32.0,7.925,3,1.0,1.0,0,0,1,0,1,0,0,0,0,0,0,0,0,1,0,0,1,0,0,0
1.0,35.0,52.0,1,2.0,2.0,0,0,1,1,0,0,0,0,0,0,0,0,0,1,0,0,0,1,0,0
0.0,28.421210579818556,7.8958,3,1.0,1.0,0,0,1,0,1,0,0,0,0,0,0,0,0,1,0,0,1,0,0,0
0.0,18.0,73.5,2,1.0,1.0,0,0,1,0,1,0,0,0,0,0,0,0,0,1,0,0,1,0,0,0
0.0,1.0,46.9,3,0.0,1.0,0,0,1,0,1,0,0,0,0,0,0,0,0,1,1,0,0,0,0,0
1.0,36.0,13.0,2,1.0,1.0,0,0,1,1,0,0,0,0,0,0,0,0,0,1,0,1,0,0,0,0
0.0,28.421210579818556,7.7292,3,1.0,1.0,0,1,0,0,1,0,0,0,0,0,0,0,0,1,0,0,1,0,0,0
1.0,17.0,12.0,2,1.0,1.0,1,0,0,1,0,0,0,0,0,0,0,0,0,1,0,1,0,0,0,0
1.0,36.0,120.0,1,2.0,2.0,0,0,1,0,1,0,1,0,0,0,0,0,0,0,0,0,1,0,0,0
1.0,21.0,7.7958,3,1.0,1.0,0,0,1,0,1,0,0,0,0,0,0,0,0,1,0,0,1,0,0,0
0.0,28.0,7.925,3,2.0,1.0,0,0,1,0,1,0,0,0,0,0,0,0,0,1,0,0,1,0,0,0
1.0,23.0,113.275,1,2.0,2.0,1,0,0,1,0,0,0,0,1,0,0,0,0,0,0,1,0,0,0,0
1.0,24.0,16.7,3,2.0,2.0,0,0,1,1,0,0,0,0,0,0,0,1,0,0,0,0,0,1,0,0
0.0,22.0,7.7958,3,1.0,1.0,0,0,1,0,1,0,0,0,0,0,0,0,0,1,0,0,1,0,0,0
0.0,31.0,7.8542,3,1.0,1.0,0,0,1,1,0,0,0,0,0,0,0,0,0,1,0,1,0,0,0,0
0.0,46.0,26.0,2,1.0,2.0,0,0,1,0,1,0,0,0,0,0,0,0,0,1,0,0,1,0,0,0
0.0,23.0,10.5,2,1.0,1.0,0,0,1,0,1,0,0,0,0,0,0,0,0,1,0,0,0,0,1,0
1.0,28.0,12.65,2,1.0,1.0,0,0,1,1,0,0,0,0,0,0,0,0,0,1,0,0,0,1,0,0
1.0,39.0,7.925,3,1.0,1.0,0,0,1,0,1,0,0,0,0,0,0,0,0,1,0,0,1,0,0,0
0.0,26.0,8.05,3,1.0,1.0,0,0,1,0,1,0,0,0,0,0,0,0,0,1,0,0,1,0,0,0
0.0,21.0,9.825,3,2.0,1.0,0,0,1,1,0,0,0,0,0,0,0,0,0,1,0,1,0,0,0,0
0.0,28.0,15.85,3,2.0,2.0,0,0,1,0,1,0,0,0,0,0,0,0,0,1,0,0,1,0,0,0
0.0,20.0,8.6625,3,1.0,1.0,0,0,1,1,0,0,0,0,0,0,0,0,0,1,0,1,0,0,0,0
0.0,34.0,21.0,2,2.0,2.0,0,0,1,0,1,0,0,0,0,0,0,0,0,1,0,0,1,0,0,0
0.0,51.0,7.75,3,1.0,1.0,0,0,1,0,1,0,0,0,0,0,0,0,0,1,0,0,1,0,0,0
1.0,3.0,18.75,2,2.0,2.0,0,0,1,0,1,0,0,0,0,0,0,0,0,1,1,0,0,0,0,0
0.0,21.0,7.775,3,1.0,1.0,0,0,1,0,1,0,0,0,0,0,0,0,0,1,0,0,1,0,0,0
0.0,5.576768398268398,25.4667,3,1.0,1.0,0,0,1,1,0,0,0,0,0,0,0,0,0,1,0,1,0,0,0,0
0.0,28.421210579818556,7.8958,3,1.0,1.0,0,0,1,0,1,0,0,0,0,0,0,0,0,1,0,0,1,0,0,0
0.0,28.421210579818556,6.8583,3,1.0,1.0,0,1,0,0,1,0,0,0,0,0,0,0,0,1,0,0,1,0,0,0
1.0,33.0,90.0,1,2.0,2.0,0,1,0,1,0,0,0,1,0,0,0,0,0,0,0,1,0,0,0,0
0.0,32.809148444153756,0.0,2,1.0,2.0,0,0,1,0,1,0,0,0,0,0,0,0,0,1,0,0,1,0,0,0
1.0,44.0,7.925,3,1.0,1.0,0,0,1,0,1,0,0,0,0,0,0,0,0,1,0,0,1,0,0,0
0.0,24.214279150809407,8.05,3,1.0,1.0,0,0,1,1,0,0,0,0,0,0,0,0,0,1,0,0,0,1,0,0
1.0,34.0,32.5,2,2.0,2.0,0,0,1,1,0,0,0,0,0,0,0,0,0,1,0,0,0,1,0,0
1.0,18.0,13.0,2,2.0,1.0,0,0,1,1,0,0,0,0,0,0,0,0,0,1,0,1,0,0,0,0
0.0,30.0,13.0,2,1.0,1.0,0,0,1,0,1,0,0,0,0,0,0,0,0,1,0,0,1,0,0,0
0.0,10.0,24.15,3,2.0,2.0,0,0,1,1,0,0,0,0,0,0,0,0,0,1,0,1,0,0,0,0
0.0,28.421210579818556,7.8958,3,1.0,1.0,1,0,0,0,1,0,0,0,0,0,0,0,0,1,0,0,1,0,0,0
0.0,21.0,7.7333,3,1.0,1.0,0,1,0,0,1,0,0,0,0,0,0,0,0,1,0,0,1,0,0,0
0.0,29.0,7.875,3,1.0,1.0,0,0,1,0,1,0,0,0,0,0,0,0,0,1,0,0,1,0,0,0
0.0,28.0,14.4,3,2.0,2.0,0,0,1,1,0,0,0,0,0,0,0,0,0,1,0,0,0,1,0,0
0.0,18.0,20.2125,3,2.0,2.0,0,0,1,0,1,0,0,0,0,0,0,0,0,1,0,0,1,0,0,0
0.0,28.421210579818556,7.25,3,1.0,1.0,0,0,1,0,1,0,0,0,0,0,0,0,0,1,0,0,1,0,0,0
1.0,28.0,26.0,2,2.0,2.0,0,0,1,1,0,0,0,0,0,0,0,0,0,1,0,0,0,1,0,0
1.0,19.0,26.0,2,1.0,2.0,0,0,1,1,0,0,0,0,0,0,0,0,0,1,0,1,0,0,0,0
0.0,28.421210579818556,7.75,3,1.0,1.0,0,1,0,0,1,0,0,0,0,0,0,0,0,1,0,0,1,0,0,0
1.0,32.0,8.05,3,1.0,1.0,0,0,1,0,1,0,0,0,0,1,0,0,0,0,0,0,1,0,0,0
1.0,28.0,26.55,1,1.0,1.0,0,0,1,0,1,0,0,1,0,0,0,0,0,0,0,0,1,0,0,0
1.0,27.06302345663013,16.1,3,2.0,2.0,0,0,1,1,0,0,0,0,0,0,0,0,0,1,0,0,0,1,0,0
1.0,42.0,26.0,2,2.0,2.0,0,0,1,1,0,0,0,0,0,0,0,0,0,1,0,0,0,1,0,0
0.0,17.0,7.125,3,1.0,1.0,0,0,1,0,1,0,0,0,0,0,0,0,0,1,0,0,1,0,0,0
0.0,50.0,55.9,1,2.0,2.0,0,0,1,0,1,0,0,0,0,1,0,0,0,0,0,0,1,0,0,0
1.0,14.0,120.0,1,2.0,2.0,0,0,1,1,0,0,1,0,0,0,0,0,0,0,0,1,0,0,0,0
0.0,21.0,34.375,3,1.0,1.0,0,0,1,1,0,0,0,0,0,0,0,0,0,1,0,1,0,0,0,0
1.0,24.0,18.75,2,1.0,2.0,0,0,1,1,0,0,0,0,0,0,0,0,0,1,0,0,0,1,0,0
0.0,64.0,263.0,1,1.0,1.0,0,0,1,0,1,0,0,1,0,0,0,0,0,0,0,0,1,0,0,0
0.0,31.0,10.5,2,1.0,1.0,0,0,1,0,1,0,0,0,0,0,0,0,0,1,0,0,1,0,0,0
1.0,45.0,26.25,2,2.0,2.0,0,0,1,1,0,0,0,0,0,0,0,0,0,1,0,0,0,1,0,0
0.0,20.0,9.5,3,1.0,1.0,0,0,1,0,1,0,0,0,0,0,0,0,0,1,0,0,1,0,0,0
0.0,25.0,7.775,3,2.0,1.0,0,0,1,0,1,0,0,0,0,0,0,0,0,1,0,0,1,0,0,0
1.0,28.0,13.0,2,1.0,1.0,0,0,1,1,0,0,0,0,0,0,0,0,0,1,0,0,0,1,0,0
1.0,28.421210579818556,8.1125,3,1.0,1.0,0,0,1,0,1,0,0,0,0,0,0,0,0,1,0,0,1,0,0,0
1.0,4.0,81.8583,1,2.0,2.0,0,0,1,0,1,1,0,0,0,0,0,0,0,0,1,0,0,0,0,0
1.0,13.0,19.5,2,2.0,2.0,0,0,1,1,0,0,0,0,0,0,0,0,0,1,0,1,0,0,0,0
1.0,34.0,26.55,1,1.0,1.0,0,0,1,0,1,0,0,0,0,0,0,0,0,1,0,0,1,0,0,0
1.0,5.0,19.2583,3,2.0,2.0,1,0,0,1,0,0,0,0,0,0,0,0,0,1,0,1,0,0,0,0
1.0,52.0,30.5,1,1.0,1.0,0,0,1,0,1,0,0,1,0,0,0,0,0,0,0,0,0,0,1,0
0.0,36.0,27.75,2,2.0,2.0,0,0,1,0,1,0,0,0,0,0,0,0,0,1,0,0,1,0,0,0
0.0,25.88010381537314,19.9667,3,2.0,1.0,0,0,1,0,1,0,0,0,0,0,0,0,0,1,0,0,1,0,0,0
0.0,30.0,27.75,1,1.0,1.0,1,0,0,0,1,0,0,1,0,0,0,0,0,0,0,0,1,0,0,0
1.0,49.0,89.1042,1,2.0,2.0,1,0,0,0,1,0,0,1,0,0,0,0,0,0,0,0,1,0,0,0
0.0,28.421210579818556,8.05,3,1.0,1.0,0,0,1,0,1,0,0,0,0,0,0,0,0,1,0,0,1,0,0,0
1.0,29.0,7.8958,3,1.0,1.0,1,0,0,0,1,0,0,0,0,0,0,0,0,1,0,0,1,0,0,0
0.0,65.0,26.55,1,1.0,1.0,0,0,1,0,1,0,0,0,0,1,0,0,0,0,0,0,1,0,0,0
1.0,38.05502360942216,51.8625,1,2.0,2.0,0,0,1,1,0,0,0,0,1,0,0,0,0,0,0,0,0,1,0,0
1.0,50.0,10.5,2,1.0,1.0,0,0,1,1,0,0,0,0,0,0,0,0,0,1,0,1,0,0,0,0
0.0,28.421210579818556,7.75,3,1.0,1.0,0,1,0,0,1,0,0,0,0,0,0,0,0,1,0,0,1,0,0,0
1.0,48.0,26.55,1,1.0,1.0,0,0,1,0,1,0,0,0,0,1,0,0,0,0,0,0,1,0,0,0
0.0,34.0,8.05,3,1.0,1.0,0,0,1,0,1,0,0,0,0,0,0,0,0,1,0,0,1,0,0,0
0.0,47.0,38.5,1,1.0,1.0,0,0,1,0,1,0,0,0,0,1,0,0,0,0,0,0,1,0,0,0
0.0,48.0,13.0,2,1.0,1.0,0,0,1,0,1,0,0,0,0,0,0,0,0,1,0,0,1,0,0,0
0.0,28.421210579818556,8.05,3,1.0,1.0,0,0,1,0,1,0,0,0,0,0,0,0,0,1,0,0,1,0,0,0
0.0,38.0,7.05,3,1.0,1.0,0,0,1,0,1,0,0,0,0,0,0,0,0,1,0,0,1,0,0,0
0.0,32.809148444153756,0.0,2,1.0,2.0,0,0,1,0,1,0,0,0,0,0,0,0,0,1,0,0,1,0,0,0
0.0,56.0,26.55,1,1.0,1.0,0,0,1,0,1,0,0,0,0,0,0,0,0,1,0,0,1,0,0,0
0.0,28.421210579818556,7.725,3,1.0,1.0,0,1,0,0,1,0,0,0,0,0,0,0,0,1,0,0,1,0,0,0
1.0,0.75,19.2583,3,2.0,2.0,1,0,0,1,0,0,0,0,0,0,0,0,0,1,0,1,0,0,0,0
0.0,28.421210579818556,7.25,3,1.0,1.0,0,0,1,0,1,0,0,0,0,0,0,0,0,1,0,0,1,0,0,0
0.0,38.0,8.6625,3,1.0,1.0,0,0,1,0,1,0,0,0,0,0,0,0,0,1,0,0,1,0,0,0
1.0,33.0,27.75,2,2.0,2.0,0,0,1,1,0,0,0,0,0,0,0,0,0,1,0,0,0,1,0,0
1.0,23.0,13.7917,2,1.0,1.0,1,0,0,1,0,0,0,0,1,0,0,0,0,0,0,0,0,1,0,0
0.0,22.0,9.8375,3,1.0,1.0,0,0,1,1,0,0,0,0,0,0,0,0,0,1,0,1,0,0,0,0
0.0,42.91931074644119,52.0,1,1.0,2.0,0,0,1,0,1,1,0,0,0,0,0,0,0,0,0,0,1,0,0,0
0.0,34.0,21.0,2,2.0,2.0,0,0,1,0,1,0,0,0,0,0,0,0,0,1,0,0,1,0,0,0
0.0,29.0,7.0458,3,2.0,1.0,0,0,1,0,1,0,0,0,0,0,0,0,0,1,0,0,1,0,0,0
0.0,22.0,7.5208,3,1.0,1.0,0,0,1,0,1,0,0,0,0,0,0,0,0,1,0,0,1,0,0,0
1.0,2.0,12.2875,3,2.0,2.0,0,0,1,1,0,0,0,0,0,0,0,0,0,1,0,1,0,0,0,0
0.0,9.0,46.9,3,0.0,1.0,0,0,1,0,1,0,0,0,0,0,0,0,0,1,1,0,0,0,0,0
0.0,32.809148444153756,0.0,2,1.0,1.0,0,0,1,0,1,0,0,0,0,0,0,0,0,1,0,0,1,0,0,0
0.0,50.0,8.05,3,1.0,1.0,0,0,1,0,1,0,0,0,0,0,0,0,0,1,0,0,1,0,0,0
1.0,63.0,9.5875,3,1.0,1.0,0,0,1,1,0,0,0,0,0,0,0,0,0,1,0,0,0,1,0,0
1.0,25.0,91.0792,1,2.0,2.0,1,0,0,0,1,0,1,0,0,0,0,0,0,0,0,0,1,0,0,0
0.0,5.576768398268398,25.4667,3,1.0,1.0,0,0,1,1,0,0,0,0,0,0,0,0,0,1,0,1,0,0,0,0
1.0,35.0,90.0,1,2.0,2.0,0,0,1,1,0,0,0,1,0,0,0,0,0,0,0,0,0,1,0,0
0.0,58.0,29.7,1,1.0,1.0,1,0,0,0,1,0,1,0,0,0,0,0,0,0,0,0,1,0,0,0
0.0,30.0,8.05,3,1.0,1.0,0,0,1,0,1,0,0,0,0,0,0,0,0,1,0,0,1,0,0,0
1.0,9.0,15.9,3,2.0,2.0,0,0,1,0,1,0,0,0,0,0,0,0,0,1,1,0,0,0,0,0
0.0,25.88010381537314,19.9667,3,2.0,1.0,0,0,1,0,1,0,0,0,0,0,0,0,0,1,0,0,1,0,0,0
0.0,21.0,7.25,3,1.0,1.0,0,0,1,0,1,0,0,0,0,0,0,0,0,1,0,0,1,0,0,0
0.0,55.0,30.5,1,1.0,1.0,0,0,1,0,1,0,0,1,0,0,0,0,0,0,0,0,1,0,0,0
0.0,71.0,49.5042,1,1.0,1.0,1,0,0,0,1,0,0,0,0,0,0,0,0,1,0,0,1,0,0,0
0.0,21.0,8.05,3,1.0,1.0,0,0,1,0,1,0,0,0,0,0,0,0,0,1,0,0,1,0,0,0
0.0,28.421210579818556,14.4583,3,1.0,2.0,1,0,0,0,1,0,0,0,0,0,0,0,0,1,0,0,1,0,0,0
1.0,54.0,78.2667,1,2.0,2.0,1,0,0,1,0,0,0,0,1,0,0,0,0,0,0,1,0,0,0,0
0.0,28.421210579818556,15.1,3,1.0,2.0,0,0,1,0,1,0,0,0,0,0,0,0,0,1,0,0,1,0,0,0
0.0,25.0,151.55,1,2.0,1.0,0,0,1,1,0,0,0,1,0,0,0,0,0,0,0,0,0,1,0,0
0.0,24.0,7.7958,3,1.0,1.0,0,0,1,0,1,0,0,0,0,0,0,0,0,1,0,0,1,0,0,0
0.0,17.0,8.6625,3,1.0,1.0,0,0,1,0,1,0,0,0,0,0,0,0,0,1,0,0,1,0,0,0
0.0,21.0,7.75,3,1.0,1.0,0,1,0,1,0,0,0,0,0,0,0,0,0,1,0,1,0,0,0,0
0.0,24.214279150809407,7.6292,3,1.0,1.0,0,1,0,1,0,0,0,0,0,0,0,0,0,1,0,1,0,0,0,0
0.0,37.0,9.5875,3,1.0,1.0,0,0,1,1,0,0,0,0,0,0,0,0,0,1,0,1,0,0,0,0
1.0,16.0,86.5,1,1.0,2.0,0,0,1,1,0,0,1,0,0,0,0,0,0,0,0,1,0,0,0,0
0.0,18.0,108.9,1,2.0,2.0,1,0,0,0,1,0,0,1,0,0,0,0,0,0,0,0,1,0,0,0
1.0,33.0,26.0,2,2.0,2.0,0,0,1,1,0,0,0,0,0,0,0,0,0,1,0,0,0,1,0,0
1.0,42.91931074644119,26.55,1,1.0,1.0,0,0,1,0,1,0,0,0,0,0,0,0,0,1,0,0,1,0,0,0
0.0,28.0,22.525,3,1.0,2.0,0,0,1,0,1,0,0,0,0,0,0,0,0,1,0,0,1,0,0,0
1.0,26.0,56.4958,3,1.0,1.0,0,0,1,0,1,0,0,0,0,0,0,0,0,1,0,0,1,0,0,0
1.0,29.0,7.75,3,1.0,1.0,0,1,0,0,1,0,0,0,0,0,0,0,0,1,0,0,1,0,0,0
0.0,28.421210579818556,8.05,3,1.0,1.0,0,0,1,0,1,0,0,0,0,0,0,0,0,1,0,0,1,0,0,0
1.0,36.0,26.2875,1,1.0,1.0,0,0,1,0,1,0,0,0,0,1,0,0,0,0,0,0,1,0,0,0
1.0,54.0,59.4,1,2.0,2.0,1,0,0,1,0,0,0,0,0,0,0,0,0,1,0,0,0,1,0,0
0.0,24.0,7.4958,3,1.0,1.0,0,0,1,0,1,0,0,0,0,0,0,0,0,1,0,0,1,0,0,0
0.0,47.0,34.0208,1,1.0,1.0,0,0,1,0,1,0,0,0,1,0,0,0,0,0,0,0,1,0,0,0
1.0,34.0,10.5,2,1.0,1.0,0,0,1,1,0,0,0,0,0,0,1,0,0,0,0,0,0,1,0,0
0.0,28.421210579818556,24.15,3,1.0,2.0,0,1,0,0,1,0,0,0,0,0,0,0,0,1,0,0,1,0,0,0
1.0,36.0,26.0,2,2.0,2.0,0,0,1,1,0,0,0,0,0,0,0,0,0,1,0,0,0,1,0,0
0.0,32.0,7.8958,3,1.0,1.0,0,0,1,0,1,0,0,0,0,0,0,0,0,1,0,0,1,0,0,0
1.0,30.0,93.5,1,1.0,2.0,0,0,1,1,0,0,1,0,0,0,0,0,0,0,0,1,0,0,0,0
0.0,22.0,7.8958,3,1.0,1.0,0,0,1,0,1,0,0,0,0,0,0,0,0,1,0,0,1,0,0,0
0.0,28.421210579818556,7.225,3,1.0,1.0,1,0,0,0,1,0,0,0,0,0,0,0,0,1,0,0,1,0,0,0
1.0,44.0,57.9792,1,2.0,2.0,1,0,0,1,0,0,1,0,0,0,0,0,0,0,0,0,0,1,0,0
0.0,28.421210579818556,7.2292,3,1.0,1.0,1,0,0,0,1,0,0,0,0,0,0,0,0,1,0,0,1,0,0,0
0.0,40.5,7.75,3,1.0,1.0,0,1,0,0,1,0,0,0,0,0,0,0,0,1,0,0,1,0,0,0
1.0,50.0,10.5,2,1.0,1.0,0,0,1,1,0,0,0,0,0,0,0,0,0,1,0,1,0,0,0,0
0.0,42.91931074644119,221.7792,1,1.0,2.0,0,0,1,0,1,0,0,1,0,0,0,0,0,0,0,0,1,0,0,0
0.0,39.0,7.925,3,1.0,1.0,0,0,1,0,1,0,0,0,0,0,0,0,0,1,0,0,1,0,0,0
0.0,23.0,11.5,2,2.0,1.0,0,0,1,0,1,0,0,0,0,0,0,0,0,1,0,0,1,0,0,0
1.0,2.0,26.0,2,2.0,2.0,0,0,1,1,0,0,0,0,0,0,0,0,0,1,0,1,0,0,0,0
0.0,28.421210579818556,7.2292,3,1.0,1.0,1,0,0,0,1,0,0,0,0,0,0,0,0,1,0,0,1,0,0,0
0.0,17.0,7.2292,3,2.0,1.0,1,0,0,0,1,0,0,0,0,0,0,0,0,1,0,0,1,0,0,0
1.0,22.708543985426335,22.3583,3,2.0,2.0,1,0,0,1,0,0,0,0,0,0,0,0,0,1,0,0,0,1,0,0
0.0,30.0,8.6625,3,1.0,1.0,0,0,1,1,0,0,0,0,0,0,0,0,0,1,0,1,0,0,0,0
1.0,7.0,26.25,2,2.0,2.0,0,0,1,1,0,0,0,0,0,0,0,0,0,1,0,1,0,0,0,0
0.0,45.0,26.55,1,1.0,1.0,0,0,1,0,1,0,1,0,0,0,0,0,0,0,0,0,0,0,1,0
1.0,30.0,106.425,1,1.0,2.0,1,0,0,1,0,0,0,0,0,0,0,0,0,1,0,1,0,0,0,0
0.0,28.421210579818556,14.5,3,1.0,2.0,0,0,1,0,1,0,0,0,0,0,0,0,0,1,0,0,1,0,0,0
1.0,22.0,49.5,1,2.0,1.0,1,0,0,1,0,0,1,0,0,0,0,0,0,0,0,1,0,0,0,0
1.0,36.0,71.0,1,2.0,2.0,0,0,1,1,0,0,1,0,0,0,0,0,0,0,0,1,0,0,0,0
0.0,9.0,31.275,3,1.0,1.0,0,0,1,1,0,0,0,0,0,0,0,0,0,1,0,1,0,0,0,0
0.0,11.0,31.275,3,1.0,1.0,0,0,1,1,0,0,0,0,0,0,0,0,0,1,0,1,0,0,0,0
1.0,32.0,26.0,2,2.0,2.0,0,0,1,0,1,0,0,0,0,0,0,0,0,1,0,0,1,0,0,0
0.0,50.0,106.425,1,2.0,2.0,1,0,0,0,1,0,0,1,0,0,0,0,0,0,0,0,1,0,0,0
0.0,64.0,26.0,1,1.0,1.0,0,0,1,0,1,0,0,0,0,0,0,0,0,1,0,0,1,0,0,0
1.0,19.0,26.0,2,2.0,2.0,0,0,1,1,0,0,0,0,0,0,0,0,0,1,0,0,0,1,0,0
1.0,32.809148444153756,13.8625,2,1.0,1.0,1,0,0,0,1,0,0,0,0,0,0,0,0,1,0,0,1,0,0,0
0.0,33.0,20.525,3,2.0,2.0,0,0,1,0,1,0,0,0,0,0,0,0,0,1,0,0,1,0,0,0
1.0,8.0,36.75,2,2.0,2.0,0,0,1,0,1,0,0,0,0,0,0,0,0,1,1,0,0,0,0,0
1.0,17.0,110.8833,1,2.0,2.0,1,0,0,0,1,0,0,1,0,0,0,0,0,0,0,0,1,0,0,0
0.0,27.0,26.0,2,1.0,2.0,0,0,1,0,1,0,0,0,0,0,0,0,0,1,0,0,1,0,0,0
0.0,28.421210579818556,7.8292,3,1.0,1.0,0,1,0,0,1,0,0,0,0,0,0,0,0,1,0,0,1,0,0,0
1.0,22.0,7.225,3,1.0,1.0,1,0,0,0,1,0,0,0,0,0,0,0,0,1,0,0,1,0,0,0
1.0,22.0,7.775,3,1.0,1.0,0,0,1,1,0,0,0,0,0,0,0,0,0,1,0,1,0,0,0,0
0.0,62.0,26.55,1,1.0,1.0,0,0,1,0,1,0,0,0,0,0,0,0,0,1,0,0,1,0,0,0
1.0,48.0,39.6,1,2.0,1.0,1,0,0,1,0,1,0,0,0,0,0,0,0,0,0,0,0,0,0,1
0.0,42.91931074644119,227.525,1,1.0,1.0,1,0,0,0,1,0,0,0,0,0,0,0,0,1,0,0,1,0,0,0
1.0,39.0,79.65,1,2.0,2.0,0,0,1,1,0,0,0,0,0,1,0,0,0,0,0,0,0,1,0,0
1.0,36.0,17.4,3,2.0,2.0,0,0,1,1,0,0,0,0,0,0,0,0,0,1,0,0,0,1,0,0
0.0,28.421210579818556,7.75,3,1.0,1.0,0,1,0,0,1,0,0,0,0,0,0,0,0,1,0,0,1,0,0,0
0.0,40.0,7.8958,3,1.0,1.0,0,0,1,0,1,0,0,0,0,0,0,0,0,1,0,0,1,0,0,0
0.0,28.0,13.5,2,1.0,1.0,0,0,1,0,1,0,0,0,0,0,0,0,0,1,0,0,1,0,0,0
0.0,28.421210579818556,8.05,3,1.0,1.0,0,0,1,0,1,0,0,0,0,0,0,0,0,1,0,0,1,0,0,0
0.0,24.214279150809407,8.05,3,1.0,1.0,0,0,1,1,0,0,0,0,0,0,0,0,0,1,0,1,0,0,0,0
0.0,24.0,24.15,3,2.0,2.0,0,0,1,0,1,0,0,0,0,0,0,0,0,1,0,0,1,0,0,0
0.0,19.0,7.8958,3,1.0,1.0,0,0,1,0,1,0,0,0,0,0,0,0,0,1,0,0,1,0,0,0
0.0,29.0,21.075,3,1.0,1.0,0,0,1,1,0,0,0,0,0,0,0,0,0,1,0,0,0,1,0,0
0.0,28.421210579818556,7.2292,3,1.0,1.0,1,0,0,0,1,0,0,0,0,0,0,0,0,1,0,0,1,0,0,0
1.0,32.0,7.8542,3,1.0,1.0,0,0,1,0,1,0,0,0,0,0,0,0,0,1,0,0,1,0,0,0
1.0,62.0,10.5,2,1.0,1.0,0,0,1,0,1,0,0,0,0,0,0,0,0,1,0,0,1,0,0,0
1.0,53.0,51.4792,1,2.0,2.0,0,0,1,1,0,0,0,1,0,0,0,0,0,0,0,0,0,1,0,0
1.0,36.0,26.3875,1,1.0,1.0,0,0,1,0,1,0,0,0,0,1,0,0,0,0,0,0,1,0,0,0
1.0,24.214279150809407,7.75,3,1.0,1.0,0,1,0,1,0,0,0,0,0,0,0,0,0,1,0,1,0,0,0,0
0.0,16.0,8.05,3,1.0,1.0,0,0,1,0,1,0,0,0,0,0,0,0,0,1,0,0,1,0,0,0
0.0,19.0,14.5,3,1.0,2.0,0,0,1,0,1,0,0,0,0,0,0,0,0,1,0,0,1,0,0,0
1.0,34.0,13.0,2,1.0,1.0,0,0,1,1,0,0,0,0,0,0,0,0,0,1,0,1,0,0,0,0
1.0,39.0,55.9,1,2.0,2.0,0,0,1,1,0,0,0,0,0,1,0,0,0,0,0,0,0,1,0,0
0.0,27.06302345663013,14.4583,3,2.0,2.0,1,0,0,1,0,0,0,0,0,0,0,0,0,1,0,0,0,1,0,0
1.0,32.0,7.925,3,1.0,1.0,0,0,1,0,1,0,0,0,0,0,0,0,0,1,0,0,1,0,0,0
1.0,25.0,30.0,2,2.0,2.0,0,0,1,1,0,0,0,0,0,0,0,0,0,1,0,1,0,0,0,0
1.0,39.0,110.8833,1,2.0,2.0,1,0,0,1,0,0,0,1,0,0,0,0,0,0,0,0,0,1,0,0
0.0,54.0,26.0,2,1.0,2.0,0,0,1,0,1,0,0,0,0,0,0,0,0,1,0,0,1,0,0,0
0.0,36.0,40.125,1,1.0,1.0,1,0,0,0,1,1,0,0,0,0,0,0,0,0,0,0,1,0,0,0
0.0,28.421210579818556,8.7125,3,1.0,1.0,1,0,0,0,1,0,0,0,0,0,0,0,0,1,0,0,1,0,0,0
1.0,18.0,79.65,1,2.0,2.0,0,0,1,1,0,0,0,0,0,1,0,0,0,0,0,1,0,0,0,0
0.0,47.0,15.0,2,1.0,1.0,0,0,1,0,1,0,0,0,0,0,0,0,0,1,0,0,1,0,0,0
1.0,60.0,79.2,1,2.0,2.0,1,0,0,0,1,0,1,0,0,0,0,0,0,0,0,0,1,0,0,0
0.0,22.0,8.05,3,1.0,1.0,0,0,1,0,1,0,0,0,0,0,0,0,0,1,0,0,1,0,0,0
0.0,28.421210579818556,8.05,3,1.0,1.0,0,0,1,0,1,0,0,0,0,0,0,0,0,1,0,0,1,0,0,0
0.0,35.0,7.125,3,1.0,1.0,0,0,1,0,1,0,0,0,0,0,0,0,0,1,0,0,1,0,0,0
1.0,52.0,78.2667,1,2.0,2.0,1,0,0,1,0,0,0,0,1,0,0,0,0,0,0,0,0,1,0,0
0.0,47.0,7.25,3,1.0,1.0,0,0,1,0,1,0,0,0,0,0,0,0,0,1,0,0,1,0,0,0
0.0,22.708543985426335,7.75,3,2.0,1.0,0,1,0,1,0,0,0,0,0,0,0,0,0,1,0,1,0,0,0,0
0.0,37.0,26.0,2,2.0,2.0,0,0,1,0,1,0,0,0,0,0,0,0,0,1,0,0,1,0,0,0
0.0,36.0,24.15,3,2.0,2.0,0,0,1,0,1,0,0,0,0,0,0,0,0,1,0,0,1,0,0,0
1.0,31.00289530569455,33.0,2,1.0,2.0,0,0,1,1,0,0,0,0,0,0,0,0,0,1,0,1,0,0,0,0
0.0,49.0,0.0,3,1.0,2.0,0,0,1,0,1,0,0,0,0,0,0,0,0,1,0,0,1,0,0,0
0.0,28.421210579818556,7.225,3,1.0,1.0,1,0,0,0,1,0,0,0,0,0,0,0,0,1,0,0,1,0,0,0
1.0,49.0,56.9292,1,2.0,2.0,1,0,0,0,1,1,0,0,0,0,0,0,0,0,0,0,0,0,0,1
1.0,24.0,27.0,2,2.0,2.0,0,0,1,1,0,0,0,0,0,0,0,0,0,1,0,0,0,1,0,0
0.0,28.421210579818556,7.8958,3,1.0,1.0,0,0,1,0,1,0,0,0,0,0,0,0,0,1,0,0,1,0,0,0
0.0,42.91931074644119,42.4,1,1.0,2.0,0,0,1,0,1,0,0,0,0,0,0,0,0,1,0,0,1,0,0,0
0.0,44.0,8.05,3,1.0,1.0,0,0,1,0,1,0,0,0,0,0,0,0,0,1,0,0,1,0,0,0
1.0,35.0,26.55,1,1.0,1.0,1,0,0,0,1,0,0,0,0,0,0,0,0,1,0,0,1,0,0,0
0.0,36.0,15.55,3,2.0,2.0,0,0,1,0,1,0,0,0,0,0,0,0,0,1,0,0,1,0,0,0
0.0,30.0,7.8958,3,1.0,1.0,0,0,1,0,1,0,0,0,0,0,0,0,0,1,0,0,1,0,0,0
1.0,27.0,30.5,1,1.0,1.0,0,0,1,0,1,0,0,0,0,0,0,0,0,1,0,0,1,0,0,0
1.0,22.0,41.5792,2,2.0,2.0,1,0,0,1,0,0,0,0,0,0,0,0,0,1,0,0,0,1,0,0
1.0,40.0,153.4625,1,1.0,2.0,0,0,1,1,0,0,0,1,0,0,0,0,0,0,0,1,0,0,0,0
0.0,39.0,31.275,3,1.0,1.0,0,0,1,1,0,0,0,0,0,0,0,0,0,1,0,0,0,1,0,0
0.0,28.421210579818556,7.05,3,1.0,1.0,0,0,1,0,1,0,0,0,0,0,0,0,0,1,0,0,1,0,0,0
1.0,27.06302345663013,15.5,3,2.0,2.0,0,1,0,1,0,0,0,0,0,0,0,0,0,1,0,1,0,0,0,0
0.0,28.421210579818556,7.75,3,1.0,1.0,0,1,0,0,1,0,0,0,0,0,0,0,0,1,0,0,1,0,0,0
0.0,35.0,8.05,3,1.0,1.0,0,0,1,0,1,0,0,0,0,0,0,0,0,1,0,0,1,0,0,0
1.0,24.0,65.0,2,2.0,1.0,0,0,1,1,0,0,0,0,0,0,0,0,0,1,0,1,0,0,0,0
0.0,34.0,14.4,3,2.0,2.0,0,0,1,0,1,0,0,0,0,0,0,0,0,1,0,0,1,0,0,0
0.0,26.0,16.1,3,2.0,2.0,0,0,1,1,0,0,0,0,0,0,0,0,0,1,0,0,0,1,0,0
1.0,4.0,39.0,2,2.0,2.0,0,0,1,1,0,0,0,0,0,0,1,0,0,0,0,1,0,0,0,0
0.0,26.0,10.5,2,1.0,1.0,0,0,1,0,1,0,0,0,0,0,0,0,0,1,0,0,1,0,0,0
0.0,27.0,14.4542,3,2.0,2.0,1,0,0,0,1,0,0,0,0,0,0,0,0,1,0,0,1,0,0,0
1.0,42.0,52.5542,1,2.0,2.0,0,0,1,0,1,0,0,0,1,0,0,0,0,0,0,0,1,0,0,0
1.0,20.0,15.7417,3,2.0,2.0,1,0,0,0,1,0,0,0,0,0,0,0,0,1,0,0,1,0,0,0
0.0,21.0,7.8542,3,1.0,1.0,0,0,1,0,1,0,0,0,0,0,0,0,0,1,0,0,1,0,0,0
0.0,21.0,16.1,3,1.0,2.0,0,0,1,0,1,0,0,0,0,0,0,0,0,1,0,0,1,0,0,0
0.0,61.0,32.3208,1,1.0,1.0,0,0,1,0,1,0,0,0,1,0,0,0,0,0,0,0,1,0,0,0
0.0,57.0,12.35,2,1.0,1.0,0,1,0,0,1,0,0,0,0,0,0,0,0,1,0,0,0,0,1,0
1.0,21.0,77.9583,1,1.0,2.0,0,0,1,1,0,0,0,0,1,0,0,0,0,0,0,1,0,0,0,0
0.0,26.0,7.8958,3,1.0,1.0,0,0,1,0,1,0,0,0,0,0,0,0,0,1,0,0,1,0,0,0
0.0,28.421210579818556,7.7333,3,1.0,1.0,0,1,0,0,1,0,0,0,0,0,0,0,0,1,0,0,1,0,0,0
1.0,80.0,30.0,1,1.0,1.0,0,0,1,0,1,1,0,0,0,0,0,0,0,0,0,0,1,0,0,0
0.0,51.0,7.0542,3,1.0,1.0,0,0,1,0,1,0,0,0,0,0,0,0,0,1,0,0,1,0,0,0
1.0,32.0,30.5,1,1.0,1.0,1,0,0,0,1,0,1,0,0,0,0,0,0,0,0,0,0,0,1,0
0.0,42.91931074644119,0.0,1,1.0,1.0,0,0,1,0,1,0,0,0,0,0,0,0,0,1,0,0,1,0,0,0
0.0,9.0,27.9,3,1.0,1.0,0,0,1,1,0,0,0,0,0,0,0,0,0,1,0,1,0,0,0,0
1.0,28.0,13.0,2,1.0,1.0,0,0,1,1,0,0,0,0,0,0,0,0,0,1,0,1,0,0,0,0
0.0,32.0,7.925,3,1.0,1.0,0,0,1,0,1,0,0,0,0,0,0,0,0,1,0,0,1,0,0,0
0.0,31.0,26.25,2,2.0,2.0,0,0,1,0,1,0,0,0,0,0,0,0,0,1,0,0,1,0,0,0
0.0,41.0,39.6875,3,1.0,1.0,0,0,1,1,0,0,0,0,0,0,0,0,0,1,0,0,0,1,0,0
0.0,25.88010381537314,16.1,3,2.0,2.0,0,0,1,0,1,0,0,0,0,0,0,0,0,1,0,0,1,0,0,0
0.0,20.0,7.8542,3,1.0,1.0,0,0,1,0,1,0,0,0,0,0,0,0,0,1,0,0,1,0,0,0
1.0,24.0,69.3,1,1.0,2.0,1,0,0,1,0,0,1,0,0,0,0,0,0,0,0,1,0,0,0,0
0.0,2.0,27.9,3,1.0,1.0,0,0,1,1,0,0,0,0,0,0,0,0,0,1,0,1,0,0,0,0
1.0,28.421210579818556,56.4958,3,1.0,1.0,0,0,1,0,1,0,0,0,0,0,0,0,0,1,0,0,1,0,0,0
1.0,0.75,19.2583,3,2.0,2.0,1,0,0,1,0,0,0,0,0,0,0,0,0,1,0,1,0,0,0,0
1.0,48.0,76.7292,1,2.0,2.0,1,0,0,0,1,0,0,0,1,0,0,0,0,0,0,0,1,0,0,0
0.0,19.0,7.8958,3,1.0,1.0,0,0,1,0,1,0,0,0,0,0,0,0,0,1,0,0,1,0,0,0
1.0,56.0,35.5,1,1.0,1.0,1,0,0,0,1,1,0,0,0,0,0,0,0,0,0,0,0,0,1,0
0.0,28.421210579818556,7.55,3,1.0,1.0,0,0,1,0,1,0,0,0,0,0,0,0,0,1,0,0,1,0,0,0
1.0,23.0,7.55,3,1.0,1.0,0,0,1,1,0,0,0,0,0,0,0,0,0,1,0,1,0,0,0,0
0.0,28.421210579818556,7.8958,3,1.0,1.0,0,0,1,0,1,0,0,0,0,0,0,0,0,1,0,0,1,0,0,0
1.0,18.0,23.0,2,2.0,2.0,0,0,1,1,0,0,0,0,0,0,0,0,0,1,0,1,0,0,0,0
0.0,21.0,8.4333,3,1.0,1.0,0,0,1,0,1,0,0,0,0,0,0,0,0,1,0,0,1,0,0,0
1.0,24.214279150809407,7.8292,3,1.0,1.0,0,1,0,1,0,0,0,0,0,0,0,0,0,1,0,1,0,0,0,0
0.0,18.0,6.75,3,1.0,1.0,0,1,0,1,0,0,0,0,0,0,0,0,0,1,0,1,0,0,0,0
0.0,24.0,73.5,2,2.0,1.0,0,0,1,0,1,0,0,0,0,0,0,0,0,1,0,0,1,0,0,0
0.0,28.421210579818556,7.8958,3,1.0,1.0,0,0,1,0,1,0,0,0,0,0,0,0,0,1,0,0,1,0,0,0
0.0,32.0,15.5,3,2.0,2.0,0,1,0,1,0,0,0,0,0,0,0,0,0,1,0,0,0,1,0,0
0.0,23.0,13.0,2,1.0,1.0,0,0,1,0,1,0,0,0,0,0,0,0,0,1,0,0,1,0,0,0
0.0,58.0,113.275,1,2.0,2.0,1,0,0,0,1,0,0,0,1,0,0,0,0,0,0,0,1,0,0,0
1.0,50.0,133.65,1,2.0,2.0,0,0,1,0,1,0,0,0,0,0,0,0,0,1,0,0,0,0,1,0
0.0,40.0,7.225,3,1.0,1.0,1,0,0,0,1,0,0,0,0,0,0,0,0,1,0,0,1,0,0,0
0.0,47.0,25.5875,1,1.0,1.0,0,0,1,0,1,0,0,0,0,1,0,0,0,0,0,0,1,0,0,0
0.0,36.0,7.4958,3,1.0,1.0,0,0,1,0,1,0,0,0,0,0,0,0,0,1,0,0,1,0,0,0
1.0,20.0,7.925,3,2.0,1.0,0,0,1,0,1,0,0,0,0,0,0,0,0,1,0,0,1,0,0,0
0.0,32.0,73.5,2,2.0,1.0,0,0,1,0,1,0,0,0,0,0,0,0,0,1,0,0,1,0,0,0
0.0,25.0,13.0,2,1.0,1.0,0,0,1,0,1,0,0,0,0,0,0,0,0,1,0,0,1,0,0,0
0.0,28.421210579818556,7.775,3,1.0,1.0,0,0,1,0,1,0,0,0,0,0,0,0,0,1,0,0,1,0,0,0
0.0,43.0,8.05,3,1.0,1.0,0,0,1,0,1,0,0,0,0,0,0,0,0,1,0,0,1,0,0,0
1.0,38.05502360942216,52.0,1,2.0,2.0,0,0,1,1,0,0,0,1,0,0,0,0,0,0,0,0,0,1,0,0
1.0,40.0,39.0,2,2.0,2.0,0,0,1,1,0,0,0,0,0,0,0,0,0,1,0,0,0,1,0,0
0.0,31.0,52.0,1,2.0,2.0,0,0,1,0,1,0,1,0,0,0,0,0,0,0,0,0,1,0,0,0
0.0,70.0,10.5,2,1.0,1.0,0,0,1,0,1,0,0,0,0,0,0,0,0,1,0,0,1,0,0,0
1.0,31.0,13.0,2,1.0,1.0,0,0,1,0,1,0,0,0,0,0,0,0,0,1,0,0,1,0,0,0
0.0,32.809148444153756,0.0,2,1.0,1.0,0,0,1,0,1,0,0,0,0,0,0,0,0,1,0,0,1,0,0,0
0.0,18.0,7.775,3,1.0,1.0,0,0,1,0,1,0,0,0,0,0,0,0,0,1,0,0,1,0,0,0
0.0,24.5,8.05,3,1.0,1.0,0,0,1,0,1,0,0,0,0,0,0,0,0,1,0,0,1,0,0,0
1.0,18.0,9.8417,3,1.0,1.0,0,0,1,1,0,0,0,0,0,0,0,0,0,1,0,1,0,0,0,0
0.0,43.0,46.9,3,0.0,1.0,0,0,1,1,0,0,0,0,0,0,0,0,0,1,0,0,0,1,0,0
1.0,36.0,512.3292,1,2.0,2.0,1,0,0,0,1,0,1,0,0,0,0,0,0,0,0,0,1,0,0,0
0.0,24.214279150809407,8.1375,3,1.0,1.0,0,1,0,1,0,0,0,0,0,0,0,0,0,1,0,1,0,0,0,0
1.0,27.0,76.7292,1,1.0,2.0,1,0,0,0,1,0,0,0,1,0,0,0,0,0,0,0,1,0,0,0
0.0,20.0,9.225,3,1.0,1.0,0,0,1,0,1,0,0,0,0,0,0,0,0,1,0,0,1,0,0,0
0.0,14.0,46.9,3,0.0,1.0,0,0,1,0,1,0,0,0,0,0,0,0,0,1,0,0,1,0,0,0
0.0,60.0,39.0,2,2.0,2.0,0,0,1,0,1,0,0,0,0,0,0,0,0,1,0,0,1,0,0,0
0.0,25.0,41.5792,2,2.0,2.0,1,0,0,0,1,0,0,0,0,0,0,0,0,1,0,0,1,0,0,0
0.0,14.0,39.6875,3,1.0,1.0,0,0,1,0,1,0,0,0,0,0,0,0,0,1,0,0,1,0,0,0
0.0,19.0,10.1708,3,1.0,1.0,0,0,1,0,1,0,0,0,0,0,0,0,0,1,0,0,1,0,0,0
0.0,18.0,7.7958,3,1.0,1.0,0,0,1,0,1,0,0,0,0,0,0,0,0,1,0,0,1,0,0,0
1.0,15.0,211.3375,1,2.0,2.0,0,0,1,1,0,0,1,0,0,0,0,0,0,0,0,1,0,0,0,0
1.0,31.0,57.0,1,2.0,2.0,0,0,1,0,1,0,1,0,0,0,0,0,0,0,0,0,1,0,0,0
1.0,4.0,13.4167,3,2.0,2.0,1,0,0,1,0,0,0,0,0,0,0,0,0,1,0,1,0,0,0,0
1.0,28.421210579818556,56.4958,3,1.0,1.0,0,0,1,0,1,0,0,0,0,0,0,0,0,1,0,0,1,0,0,0
0.0,25.0,7.225,3,1.0,1.0,1,0,0,0,1,0,0,0,0,0,0,0,0,1,0,0,1,0,0,0
0.0,60.0,26.55,1,1.0,1.0,0,0,1,0,1,0,0,0,0,0,0,0,0,1,0,0,0,0,1,0
0.0,52.0,13.5,2,1.0,1.0,0,0,1,0,1,0,0,0,0,0,0,0,0,1,0,0,1,0,0,0
0.0,44.0,8.05,3,1.0,1.0,0,0,1,0,1,0,0,0,0,0,0,0,0,1,0,0,1,0,0,0
1.0,24.214279150809407,7.7333,3,1.0,1.0,0,1,0,1,0,0,0,0,0,0,0,0,0,1,0,1,0,0,0,0
0.0,49.0,110.8833,1,2.0,2.0,1,0,0,0,1,0,0,1,0,0,0,0,0,0,0,0,1,0,0,0
0.0,42.0,7.65,3,1.0,1.0,0,0,1,0,1,0,0,0,0,0,1,0,0,0,0,0,1,0,0,0
1.0,18.0,227.525,1,2.0,1.0,1,0,0,1,0,0,0,1,0,0,0,0,0,0,0,0,0,1,0,0
1.0,35.0,26.2875,1,1.0,1.0,0,0,1,0,1,0,0,0,0,1,0,0,0,0,0,0,1,0,0,0
0.0,18.0,14.4542,3,2.0,2.0,1,0,0,1,0,0,0,0,0,0,0,0,0,1,0,1,0,0,0,0
0.0,25.0,7.7417,3,1.0,1.0,0,1,0,0,1,0,0,0,0,0,0,0,0,1,0,0,1,0,0,0
0.0,26.0,7.8542,3,2.0,1.0,0,0,1,0,1,0,0,0,0,0,0,0,0,1,0,0,1,0,0,0
0.0,39.0,26.0,2,1.0,2.0,0,0,1,0,1,0,0,0,0,0,0,0,0,1,0,0,1,0,0,0
1.0,45.0,13.5,2,1.0,1.0,0,0,1,1,0,0,0,0,0,0,0,0,0,1,0,0,0,1,0,0
1.0,42.0,26.2875,1,1.0,1.0,0,0,1,0,1,0,0,0,0,1,0,0,0,0,0,0,1,0,0,0
1.0,22.0,151.55,1,1.0,1.0,0,0,1,1,0,0,0,0,0,0,0,0,0,1,0,1,0,0,0,0
1.0,16.933814089935765,15.2458,3,2.0,2.0,1,0,0,0,1,0,0,0,0,0,0,0,0,1,1,0,0,0,0,0
1.0,24.0,49.5042,1,1.0,1.0,1,0,0,1,0,0,0,1,0,0,0,0,0,0,0,1,0,0,0,0
0.0,42.91931074644119,26.55,1,1.0,1.0,0,0,1,0,1,0,0,1,0,0,0,0,0,0,0,0,1,0,0,0
1.0,48.0,52.0,1,2.0,2.0,0,0,1,0,1,0,0,1,0,0,0,0,0,0,0,0,1,0,0,0
0.0,29.0,9.4833,3,1.0,1.0,0,0,1,0,1,0,0,0,0,0,0,0,0,1,0,0,1,0,0,0
0.0,52.0,13.0,2,1.0,2.0,0,0,1,0,1,0,0,0,0,0,0,0,0,1,0,0,1,0,0,0
0.0,19.0,7.65,3,1.0,1.0,0,0,1,0,1,0,0,0,0,0,1,0,0,0,0,0,1,0,0,0
1.0,38.0,227.525,1,1.0,1.0,1,0,0,1,0,0,0,1,0,0,0,0,0,0,0,1,0,0,0,0
1.0,27.0,10.5,2,1.0,1.0,0,0,1,1,0,0,0,0,0,1,0,0,0,0,0,1,0,0,0,0
0.0,28.421210579818556,15.5,3,1.0,2.0,0,1,0,0,1,0,0,0,0,0,0,0,0,1,0,0,1,0,0,0
0.0,33.0,7.775,3,1.0,1.0,0,0,1,0,1,0,0,0,0,0,0,0,0,1,0,0,1,0,0,0
1.0,6.0,33.0,2,2.0,2.0,0,0,1,1,0,0,0,0,0,0,0,0,0,1,0,1,0,0,0,0
0.0,17.0,7.0542,3,2.0,1.0,0,0,1,0,1,0,0,0,0,0,0,0,0,1,0,0,1,0,0,0
0.0,34.0,13.0,2,1.0,1.0,0,0,1,0,1,0,0,0,0,0,0,0,0,1,0,0,1,0,0,0
0.0,50.0,13.0,2,1.0,1.0,0,0,1,0,1,0,0,0,0,0,0,0,0,1,0,0,1,0,0,0
1.0,27.0,53.1,1,2.0,2.0,0,0,1,0,1,0,0,0,0,1,0,0,0,0,0,0,1,0,0,0
0.0,20.0,8.6625,3,1.0,1.0,0,0,1,0,1,0,0,0,0,0,0,0,0,1,0,0,1,0,0,0
1.0,30.0,21.0,2,2.0,2.0,0,0,1,1,0,0,0,0,0,0,0,0,0,1,0,0,0,1,0,0
1.0,24.214279150809407,7.7375,3,1.0,1.0,0,1,0,1,0,0,0,0,0,0,0,0,0,1,0,1,0,0,0,0
0.0,25.0,26.0,2,2.0,2.0,0,0,1,0,1,0,0,0,0,0,0,0,0,1,0,0,1,0,0,0
0.0,25.0,7.925,3,2.0,1.0,0,0,1,1,0,0,0,0,0,0,0,0,0,1,0,1,0,0,0,0
1.0,29.0,211.3375,1,1.0,2.0,0,0,1,1,0,0,1,0,0,0,0,0,0,0,0,1,0,0,0,0
0.0,11.0,18.7875,3,1.0,2.0,1,0,0,0,1,0,0,0,0,0,0,0,0,1,0,0,1,0,0,0
0.0,32.809148444153756,0.0,2,1.0,1.0,0,0,1,0,1,0,0,0,0,0,0,0,0,1,0,0,1,0,0,0
0.0,23.0,13.0,2,1.0,1.0,0,0,1,0,1,0,0,0,0,0,0,0,0,1,0,0,1,0,0,0
0.0,23.0,13.0,2,1.0,1.0,0,0,1,0,1,0,0,0,0,0,0,0,0,1,0,0,1,0,0,0
0.0,28.5,16.1,3,1.0,2.0,0,0,1,0,1,0,0,0,0,0,0,0,0,1,0,0,1,0,0,0
0.0,48.0,34.375,3,1.0,1.0,0,0,1,1,0,0,0,0,0,0,0,0,0,1,0,0,0,1,0,0
1.0,35.0,512.3292,1,1.0,2.0,1,0,0,0,1,0,1,0,0,0,0,0,0,0,0,0,1,0,0,0
0.0,28.421210579818556,7.8958,3,1.0,1.0,0,0,1,0,1,0,0,0,0,0,0,0,0,1,0,0,1,0,0,0
0.0,28.421210579818556,7.8958,3,1.0,1.0,0,0,1,0,1,0,0,0,0,0,0,0,0,1,0,0,1,0,0,0
1.0,42.91931074644119,30.0,1,1.0,1.0,0,0,1,0,1,0,0,0,1,0,0,0,0,0,0,0,1,0,0,0
0.0,36.0,78.85,1,2.0,2.0,0,0,1,0,1,0,0,1,0,0,0,0,0,0,0,0,1,0,0,0
1.0,21.0,262.375,1,1.0,1.0,1,0,0,1,0,0,1,0,0,0,0,0,0,0,0,1,0,0,0,0
0.0,24.0,16.1,3,2.0,2.0,0,0,1,0,1,0,0,0,0,0,0,0,0,1,0,0,1,0,0,0
1.0,31.0,7.925,3,1.0,1.0,0,0,1,0,1,0,0,0,0,0,0,0,0,1,0,0,1,0,0,0
0.0,70.0,71.0,1,2.0,2.0,0,0,1,0,1,0,1,0,0,0,0,0,0,0,0,0,0,0,1,0
0.0,16.0,20.25,3,2.0,2.0,0,0,1,0,1,0,0,0,0,0,0,0,0,1,0,0,1,0,0,0
1.0,30.0,13.0,2,1.0,1.0,0,0,1,1,0,0,0,0,0,0,0,0,0,1,0,1,0,0,0,0
0.0,19.0,53.1,1,2.0,2.0,0,0,1,0,1,0,0,0,1,0,0,0,0,0,0,0,1,0,0,0
0.0,31.0,7.75,3,1.0,1.0,0,1,0,0,1,0,0,0,0,0,0,0,0,1,0,0,1,0,0,0
1.0,4.0,23.0,2,2.0,2.0,0,0,1,1,0,0,0,0,0,0,0,0,0,1,0,1,0,0,0,0
1.0,6.0,12.475,3,2.0,2.0,0,0,1,0,1,0,0,0,0,1,0,0,0,0,1,0,0,0,0,0
0.0,33.0,9.5,3,1.0,1.0,0,0,1,0,1,0,0,0,0,0,0,0,0,1,0,0,1,0,0,0
0.0,23.0,7.8958,3,1.0,1.0,0,0,1,0,1,0,0,0,0,0,0,0,0,1,0,0,1,0,0,0
1.0,48.0,65.0,2,2.0,1.0,0,0,1,1,0,0,0,0,0,0,0,0,0,1,0,0,0,1,0,0
1.0,0.67,14.5,2,2.0,2.0,0,0,1,0,1,0,0,0,0,0,0,0,0,1,1,0,0,0,0,0
0.0,28.0,7.7958,3,1.0,1.0,0,0,1,0,1,0,0,0,0,0,0,0,0,1,0,0,1,0,0,0
0.0,18.0,11.5,2,1.0,1.0,0,0,1,0,1,0,0,0,0,0,0,0,0,1,0,0,1,0,0,0
0.0,34.0,8.05,3,1.0,1.0,0,0,1,0,1,0,0,0,0,0,0,0,0,1,0,0,1,0,0,0
1.0,33.0,86.5,1,1.0,2.0,0,0,1,1,0,0,1,0,0,0,0,0,0,0,0,0,0,0,0,1
0.0,28.421210579818556,14.5,3,1.0,2.0,0,0,1,0,1,0,0,0,0,0,0,0,0,1,0,0,1,0,0,0
0.0,41.0,7.125,3,1.0,1.0,0,0,1,0,1,0,0,0,0,0,0,0,0,1,0,0,1,0,0,0
1.0,20.0,7.2292,3,1.0,1.0,1,0,0,0,1,0,0,0,0,0,0,0,0,1,0,0,1,0,0,0
1.0,36.0,120.0,1,2.0,2.0,0,0,1,1,0,0,1,0,0,0,0,0,0,0,0,0,0,1,0,0
0.0,16.0,7.775,3,1.0,1.0,0,0,1,0,1,0,0,0,0,0,0,0,0,1,0,0,1,0,0,0
1.0,51.0,77.9583,1,2.0,2.0,0,0,1,1,0,0,0,0,1,0,0,0,0,0,0,0,0,1,0,0
0.0,42.91931074644119,39.6,1,1.0,1.0,1,0,0,0,1,0,0,0,0,0,0,0,0,1,0,0,0,0,1,0
0.0,30.5,7.75,3,1.0,1.0,0,1,0,1,0,0,0,0,0,0,0,0,0,1,0,1,0,0,0,0
0.0,25.88010381537314,24.15,3,2.0,2.0,0,1,0,0,1,0,0,0,0,0,0,0,0,1,0,0,1,0,0,0
0.0,32.0,8.3625,3,1.0,1.0,0,0,1,0,1,0,0,0,0,0,0,0,0,1,0,0,1,0,0,0
0.0,24.0,9.5,3,1.0,1.0,0,0,1,0,1,0,0,0,0,0,0,0,0,1,0,0,1,0,0,0
0.0,48.0,7.8542,3,1.0,1.0,0,0,1,0,1,0,0,0,0,0,0,0,0,1,0,0,1,0,0,0
0.0,57.0,10.5,2,1.0,2.0,0,0,1,1,0,0,0,0,0,1,0,0,0,0,0,0,0,1,0,0
0.0,28.421210579818556,7.225,3,1.0,1.0,1,0,0,0,1,0,0,0,0,0,0,0,0,1,0,0,1,0,0,0
1.0,54.0,23.0,2,1.0,2.0,0,0,1,1,0,0,0,0,0,0,0,0,0,1,0,0,0,1,0,0
0.0,18.0,7.75,3,1.0,1.0,0,0,1,0,1,0,0,0,0,0,0,0,0,1,0,0,1,0,0,0
0.0,28.421210579818556,7.75,3,1.0,1.0,0,1,0,0,1,0,0,0,0,0,1,0,0,0,0,0,1,0,0,0
1.0,5.0,12.475,3,1.0,2.0,0,0,1,1,0,0,0,0,0,0,0,0,0,1,0,1,0,0,0,0
0.0,28.421210579818556,7.7375,3,1.0,1.0,0,1,0,0,1,0,0,0,0,0,0,0,0,1,0,0,1,0,0,0
1.0,43.0,211.3375,1,2.0,2.0,0,0,1,1,0,0,1,0,0,0,0,0,0,0,0,0,0,1,0,0
1.0,13.0,7.2292,3,1.0,1.0,1,0,0,1,0,0,0,0,0,0,0,0,0,1,0,1,0,0,0,0
1.0,17.0,57.0,1,2.0,2.0,0,0,1,1,0,0,1,0,0,0,0,0,0,0,0,0,0,1,0,0
0.0,29.0,30.0,1,1.0,1.0,0,0,1,0,1,0,0,0,1,0,0,0,0,0,0,0,1,0,0,0
0.0,14.87047023809524,23.45,3,2.0,2.0,0,0,1,0,1,0,0,0,0,0,0,0,0,1,0,0,1,0,0,0
0.0,25.0,7.05,3,1.0,1.0,0,0,1,0,1,0,0,0,0,0,0,0,0,1,0,0,1,0,0,0
0.0,25.0,7.25,3,1.0,1.0,0,0,1,0,1,0,0,0,0,0,0,0,0,1,0,0,1,0,0,0
1.0,18.0,7.4958,3,1.0,1.0,0,0,1,1,0,0,0,0,0,0,0,0,0,1,0,1,0,0,0,0
0.0,8.0,29.125,3,1.0,1.0,0,1,0,0,1,0,0,0,0,0,0,0,0,1,1,0,0,0,0,0
1.0,1.0,20.575,3,2.0,2.0,0,0,1,0,1,0,0,0,0,0,0,0,0,1,1,0,0,0,0,0
0.0,46.0,79.2,1,1.0,2.0,1,0,0,0,1,0,1,0,0,0,0,0,0,0,0,0,1,0,0,0
0.0,28.421210579818556,7.75,3,1.0,1.0,0,1,0,0,1,0,0,0,0,0,0,0,0,1,0,0,1,0,0,0
0.0,16.0,26.0,2,1.0,2.0,0,0,1,0,1,0,0,0,0,0,0,0,0,1,0,0,1,0,0,0
0.0,13.4325,69.55,3,0.0,0.0,0,0,1,1,0,0,0,0,0,0,0,0,0,1,0,1,0,0,0,0
0.0,42.91931074644119,30.6958,1,1.0,1.0,1,0,0,0,1,0,0,0,0,0,0,0,0,1,0,0,1,0,0,0
0.0,25.0,7.8958,3,1.0,1.0,0,0,1,0,1,0,0,0,0,0,0,0,0,1,0,0,1,0,0,0
0.0,39.0,13.0,2,1.0,1.0,0,0,1,0,1,0,0,0,0,0,0,0,0,1,0,0,1,0,0,0
1.0,49.0,25.9292,1,1.0,1.0,0,0,1,1,0,0,0,0,1,0,0,0,0,0,0,0,0,0,1,0
1.0,31.0,8.6833,3,1.0,1.0,0,0,1,1,0,0,0,0,0,0,0,0,0,1,0,0,0,1,0,0
0.0,30.0,7.2292,3,1.0,1.0,1,0,0,0,1,0,0,0,0,0,0,0,0,1,0,0,1,0,0,0
0.0,30.0,24.15,3,2.0,2.0,0,0,1,1,0,0,0,0,0,0,0,0,0,1,0,0,0,1,0,0
0.0,34.0,13.0,2,1.0,2.0,0,0,1,0,1,0,0,0,0,0,0,0,0,1,0,0,1,0,0,0
1.0,31.0,26.25,2,2.0,2.0,0,0,1,1,0,0,0,0,0,0,0,0,0,1,0,0,0,1,0,0
1.0,11.0,120.0,1,2.0,2.0,0,0,1,0,1,0,1,0,0,0,0,0,0,0,1,0,0,0,0,0
1.0,0.42,8.5167,3,2.0,2.0,1,0,0,0,1,0,0,0,0,0,0,0,0,1,1,0,0,0,0,0
1.0,27.0,6.975,3,1.0,1.0,0,0,1,0,1,0,0,0,0,0,0,0,0,1,0,0,1,0,0,0
0.0,31.0,7.775,3,1.0,1.0,0,0,1,0,1,0,0,0,0,0,0,0,0,1,0,0,1,0,0,0
0.0,39.0,0.0,1,1.0,1.0,0,0,1,0,1,1,0,0,0,0,0,0,0,0,0,0,1,0,0,0
0.0,18.0,7.775,3,1.0,1.0,0,0,1,1,0,0,0,0,0,0,0,0,0,1,0,1,0,0,0,0
0.0,39.0,13.0,2,1.0,1.0,0,0,1,0,1,0,0,0,0,0,0,0,0,1,0,0,1,0,0,0
1.0,33.0,53.1,1,2.0,2.0,0,0,1,1,0,0,0,0,0,1,0,0,0,0,0,0,0,1,0,0
0.0,26.0,7.8875,3,1.0,1.0,0,0,1,0,1,0,0,0,0,0,0,0,0,1,0,0,1,0,0,0
0.0,39.0,24.15,3,1.0,2.0,0,0,1,0,1,0,0,0,0,0,0,0,0,1,0,0,1,0,0,0
0.0,35.0,10.5,2,1.0,1.0,0,0,1,0,1,0,0,0,0,0,0,0,0,1,0,0,1,0,0,0
0.0,6.0,31.275,3,1.0,1.0,0,0,1,1,0,0,0,0,0,0,0,0,0,1,0,1,0,0,0,0
0.0,30.5,8.05,3,1.0,1.0,0,0,1,0,1,0,0,0,0,0,0,0,0,1,0,0,1,0,0,0
0.0,42.91931074644119,0.0,1,1.0,2.0,0,0,1,0,1,0,1,0,0,0,0,0,0,0,0,0,1,0,0,0
0.0,23.0,7.925,3,1.0,1.0,0,0,1,1,0,0,0,0,0,0,0,0,0,1,0,1,0,0,0,0
0.0,31.0,37.0042,2,2.0,2.0,1,0,0,0,1,0,0,0,0,0,0,0,0,1,0,0,1,0,0,0
0.0,43.0,6.45,3,1.0,1.0,0,0,1,0,1,0,0,0,0,0,0,0,0,1,0,0,1,0,0,0
0.0,10.0,27.9,3,1.0,1.0,0,0,1,0,1,0,0,0,0,0,0,0,0,1,1,0,0,0,0,0
1.0,52.0,93.5,1,2.0,2.0,0,0,1,1,0,0,1,0,0,0,0,0,0,0,0,0,0,1,0,0
1.0,27.0,8.6625,3,1.0,1.0,0,0,1,0,1,0,0,0,0,0,0,0,0,1,0,0,1,0,0,0
0.0,38.0,0.0,1,1.0,1.0,0,0,1,0,1,0,0,0,0,0,0,0,0,1,1,0,0,0,0,0
1.0,27.0,12.475,3,2.0,2.0,0,0,1,1,0,0,0,0,0,1,0,0,0,0,0,0,0,1,0,0
0.0,2.0,39.6875,3,1.0,1.0,0,0,1,0,1,0,0,0,0,0,0,0,0,1,1,0,0,0,0,0
0.0,28.421210579818556,6.95,3,1.0,1.0,0,1,0,0,1,0,0,0,0,0,0,0,0,1,0,0,1,0,0,0
0.0,28.421210579818556,56.4958,3,1.0,1.0,0,0,1,0,1,0,0,0,0,0,0,0,0,1,0,0,1,0,0,0
1.0,1.0,37.0042,2,2.0,2.0,1,0,0,0,1,0,0,0,0,0,0,0,0,1,1,0,0,0,0,0
1.0,28.421210579818556,7.75,3,1.0,1.0,0,1,0,0,1,0,0,0,0,0,0,0,0,1,0,0,1,0,0,0
1.0,62.0,80.0,1,1.0,2.0,0,0,1,1,0,0,1,0,0,0,0,0,0,0,0,0,0,1,0,0
1.0,15.0,14.4542,3,2.0,2.0,1,0,0,1,0,0,0,0,0,0,0,0,0,1,0,0,0,1,0,0
1.0,0.83,18.75,2,2.0,2.0,0,0,1,0,1,0,0,0,0,0,0,0,0,1,1,0,0,0,0,0
0.0,28.421210579818556,7.2292,3,1.0,1.0,1,0,0,0,1,0,0,0,0,0,0,0,0,1,0,0,1,0,0,0
0.0,23.0,7.8542,3,1.0,1.0,0,0,1,0,1,0,0,0,0,0,0,0,0,1,0,0,1,0,0,0
0.0,18.0,8.3,3,1.0,1.0,0,0,1,0,1,0,0,0,0,0,0,0,0,1,0,0,1,0,0,0
1.0,39.0,83.1583,1,2.0,2.0,1,0,0,1,0,0,0,0,0,1,0,0,0,0,0,1,0,0,0,0
0.0,21.0,8.6625,3,1.0,1.0,0,0,1,0,1,0,0,0,0,0,0,0,0,1,0,0,1,0,0,0
0.0,28.421210579818556,8.05,3,1.0,1.0,0,0,1,0,1,0,0,0,0,0,0,0,0,1,0,0,1,0,0,0
1.0,32.0,56.4958,3,1.0,1.0,0,0,1,0,1,0,0,0,0,0,0,0,0,1,0,0,1,0,0,0
1.0,42.91931074644119,29.7,1,1.0,1.0,1,0,0,0,1,0,0,1,0,0,0,0,0,0,0,0,1,0,0,0
0.0,20.0,7.925,3,1.0,1.0,0,0,1,0,1,0,0,0,0,0,0,0,0,1,0,0,1,0,0,0
0.0,16.0,10.5,2,1.0,2.0,0,0,1,0,1,0,0,0,0,0,0,0,0,1,0,0,1,0,0,0
1.0,30.0,31.0,1,1.0,2.0,1,0,0,1,0,0,0,0,0,0,0,0,0,1,0,1,0,0,0,0
0.0,34.5,6.4375,3,1.0,1.0,1,0,0,0,1,0,0,0,0,0,0,0,0,1,0,0,1,0,0,0
0.0,17.0,8.6625,3,1.0,1.0,0,0,1,0,1,0,0,0,0,0,0,0,0,1,0,0,1,0,0,0
0.0,42.0,7.55,3,1.0,1.0,0,0,1,0,1,0,0,0,0,0,0,0,0,1,0,0,1,0,0,0
0.0,13.120047619047618,69.55,3,0.0,0.0,0,0,1,0,1,0,0,0,0,0,0,0,0,1,0,0,1,0,0,0
0.0,35.0,7.8958,3,1.0,1.0,1,0,0,0,1,0,0,0,0,0,0,0,0,1,0,0,1,0,0,0
0.0,28.0,33.0,2,2.0,2.0,0,0,1,0,1,0,0,0,0,0,0,0,0,1,0,0,0,0,1,0
1.0,38.05502360942216,89.1042,1,2.0,2.0,1,0,0,1,0,0,0,1,0,0,0,0,0,0,0,0,0,1,0,0
0.0,4.0,31.275,3,1.0,1.0,0,0,1,0,1,0,0,0,0,0,0,0,0,1,1,0,0,0,0,0
0.0,74.0,7.775,3,1.0,1.0,0,0,1,0,1,0,0,0,0,0,0,0,0,1,0,0,1,0,0,0
0.0,9.0,15.2458,3,2.0,2.0,1,0,0,1,0,0,0,0,0,0,0,0,0,1,0,1,0,0,0,0
1.0,16.0,39.4,1,2.0,2.0,0,0,1,1,0,0,0,0,1,0,0,0,0,0,0,1,0,0,0,0
0.0,44.0,26.0,2,2.0,2.0,0,0,1,1,0,0,0,0,0,0,0,0,0,1,0,0,0,1,0,0
1.0,18.0,9.35,3,2.0,2.0,0,0,1,1,0,0,0,0,0,0,0,0,0,1,0,0,0,1,0,0
1.0,45.0,164.8667,1,2.0,2.0,0,0,1,1,0,0,0,0,0,0,0,0,0,1,0,0,0,1,0,0
1.0,51.0,26.55,1,1.0,1.0,0,0,1,0,1,0,0,0,0,1,0,0,0,0,0,0,1,0,0,0
1.0,24.0,19.2583,3,2.0,2.0,1,0,0,1,0,0,0,0,0,0,0,0,0,1,0,0,0,1,0,0
0.0,28.421210579818556,7.2292,3,1.0,1.0,1,0,0,0,1,0,0,0,0,0,0,0,0,1,0,0,1,0,0,0
0.0,41.0,14.1083,3,2.0,2.0,0,0,1,0,1,0,0,0,0,0,0,0,0,1,0,0,1,0,0,0
0.0,21.0,11.5,2,2.0,1.0,0,0,1,0,1,0,0,0,0,0,0,0,0,1,0,0,1,0,0,0
1.0,48.0,25.9292,1,1.0,1.0,0,0,1,1,0,0,0,0,1,0,0,0,0,0,0,0,0,1,0,0
0.0,13.4325,69.55,3,0.0,0.0,0,0,1,1,0,0,0,0,0,0,0,0,0,1,0,1,0,0,0,0
0.0,24.0,13.0,2,1.0,1.0,0,0,1,0,1,0,0,0,0,0,0,0,0,1,0,0,1,0,0,0
1.0,42.0,13.0,2,1.0,1.0,0,0,1,1,0,0,0,0,0,0,0,0,0,1,0,0,0,1,0,0
1.0,27.0,13.8583,2,2.0,1.0,1,0,0,1,0,0,0,0,0,0,0,0,0,1,0,1,0,0,0,0
0.0,31.0,50.4958,1,1.0,1.0,0,0,1,0,1,1,0,0,0,0,0,0,0,0,0,0,1,0,0,0
0.0,28.421210579818556,9.5,3,1.0,1.0,0,0,1,0,1,0,0,0,0,0,0,0,0,1,0,0,1,0,0,0
1.0,4.0,11.1333,3,2.0,2.0,0,0,1,0,1,0,0,0,0,0,0,0,0,1,1,0,0,0,0,0
0.0,26.0,7.8958,3,1.0,1.0,0,0,1,0,1,0,0,0,0,0,0,0,0,1,0,0,1,0,0,0
1.0,47.0,52.5542,1,2.0,2.0,0,0,1,1,0,0,0,0,1,0,0,0,0,0,0,0,0,1,0,0
0.0,33.0,5.0,1,1.0,1.0,0,0,1,0,1,0,1,0,0,0,0,0,0,0,0,0,1,0,0,0
0.0,47.0,9.0,3,1.0,1.0,0,0,1,0,1,0,0,0,0,0,0,0,0,1,0,0,1,0,0,0
1.0,28.0,24.0,2,2.0,2.0,1,0,0,1,0,0,0,0,0,0,0,0,0,1,0,0,0,1,0,0
1.0,15.0,7.225,3,1.0,1.0,1,0,0,1,0,0,0,0,0,0,0,0,0,1,0,1,0,0,0,0
0.0,20.0,9.8458,3,1.0,2.0,0,0,1,0,1,0,0,0,0,0,0,0,0,1,0,0,1,0,0,0
0.0,19.0,7.8958,3,1.0,1.0,0,0,1,0,1,0,0,0,0,0,0,0,0,1,0,0,1,0,0,0
0.0,28.421210579818556,7.8958,3,1.0,1.0,0,0,1,0,1,0,0,0,0,0,0,0,0,1,0,0,1,0,0,0
1.0,56.0,83.1583,1,2.0,2.0,1,0,0,1,0,0,0,1,0,0,0,0,0,0,0,0,0,1,0,0
1.0,25.0,26.0,2,2.0,2.0,0,0,1,1,0,0,0,0,0,0,0,0,0,1,0,0,0,1,0,0
0.0,33.0,7.8958,3,1.0,1.0,0,0,1,0,1,0,0,0,0,0,0,0,0,1,0,0,1,0,0,0
0.0,22.0,10.5167,3,1.0,1.0,0,0,1,1,0,0,0,0,0,0,0,0,0,1,0,1,0,0,0,0
0.0,28.0,10.5,2,1.0,1.0,0,0,1,0,1,0,0,0,0,0,0,0,0,1,0,0,1,0,0,0
0.0,25.0,7.05,3,1.0,1.0,0,0,1,0,1,0,0,0,0,0,0,0,0,1,0,0,1,0,0,0
0.0,39.0,29.125,3,1.0,1.0,0,1,0,1,0,0,0,0,0,0,0,0,0,1,0,0,0,1,0,0
0.0,27.0,13.0,2,1.0,1.0,0,0,1,0,1,0,0,0,0,0,0,0,0,1,0,0,0,0,1,0
1.0,19.0,30.0,1,1.0,1.0,0,0,1,1,0,0,1,0,0,0,0,0,0,0,0,1,0,0,0,0
0.0,16.906145026737978,23.45,3,2.0,2.0,0,0,1,1,0,0,0,0,0,0,0,0,0,1,0,1,0,0,0,0
1.0,26.0,30.0,1,1.0,1.0,1,0,0,0,1,0,0,1,0,0,0,0,0,0,0,0,1,0,0,0
0.0,32.0,7.75,3,1.0,1.0,0,1,0,0,1,0,0,0,0,0,0,0,0,1,0,0,1,0,0,0
,34.5,7.8292,3,1.0,1.0,0,1,0,0,1,0,0,0,0,0,0,0,0,1,0,0,1,0,0,0
,47.0,7.0,3,2.0,1.0,0,0,1,1,0,0,0,0,0,0,0,0,0,1,0,0,0,1,0,0
,62.0,9.6875,2,1.0,1.0,0,1,0,0,1,0,0,0,0,0,0,0,0,1,0,0,1,0,0,0
,27.0,8.6625,3,1.0,1.0,0,0,1,0,1,0,0,0,0,0,0,0,0,1,0,0,1,0,0,0
,22.0,12.2875,3,2.0,2.0,0,0,1,1,0,0,0,0,0,0,0,0,0,1,0,0,0,1,0,0
,14.0,9.225,3,1.0,1.0,0,0,1,0,1,0,0,0,0,0,0,0,0,1,0,0,1,0,0,0
,30.0,7.6292,3,1.0,1.0,0,1,0,1,0,0,0,0,0,0,0,0,0,1,0,1,0,0,0,0
,26.0,29.0,2,2.0,2.0,0,0,1,0,1,0,0,0,0,0,0,0,0,1,0,0,1,0,0,0
,18.0,7.2292,3,1.0,1.0,1,0,0,1,0,0,0,0,0,0,0,0,0,1,0,0,0,1,0,0
,21.0,24.15,3,2.0,2.0,0,0,1,0,1,0,0,0,0,0,0,0,0,1,0,0,1,0,0,0
,28.421210579818556,7.8958,3,1.0,1.0,0,0,1,0,1,0,0,0,0,0,0,0,0,1,0,0,1,0,0,0
,46.0,26.0,1,1.0,1.0,0,0,1,0,1,0,0,0,0,0,0,0,0,1,0,0,1,0,0,0
,23.0,82.2667,1,2.0,2.0,0,0,1,1,0,0,1,0,0,0,0,0,0,0,0,0,0,1,0,0
,63.0,26.0,2,2.0,2.0,0,0,1,0,1,0,0,0,0,0,0,0,0,1,0,0,1,0,0,0
,47.0,61.175,1,2.0,2.0,0,0,1,1,0,0,0,0,0,1,0,0,0,0,0,0,0,1,0,0
,24.0,27.7208,2,2.0,2.0,1,0,0,1,0,0,0,0,0,0,0,0,0,1,0,0,0,1,0,0
,35.0,12.35,2,1.0,1.0,0,1,0,0,1,0,0,0,0,0,0,0,0,1,0,0,1,0,0,0
,21.0,7.225,3,1.0,1.0,1,0,0,0,1,0,0,0,0,0,0,0,0,1,0,0,1,0,0,0
,28.0,7.925,3,2.0,1.0,0,0,1,0,1,0,0,0,0,0,0,0,0,1,0,0,1,0,0,0
,45.0,7.225,3,1.0,1.0,1,0,0,1,0,0,0,0,0,0,0,0,0,1,0,0,0,1,0,0
,55.0,59.4,1,2.0,2.0,1,0,0,0,1,0,0,0,0,0,0,0,0,1,0,0,1,0,0,0
,9.0,3.1708,3,2.0,1.0,0,0,1,0,1,0,0,0,0,0,0,0,0,1,1,0,0,0,0,0
,36.44560766698366,31.6833,1,1.0,1.0,0,0,1,1,0,0,0,0,0,0,0,0,0,1,0,0,0,1,0,0
,21.0,61.3792,1,2.0,2.0,1,0,0,0,1,0,0,0,0,0,0,0,0,1,0,0,1,0,0,0
,48.0,262.375,1,1.0,1.0,1,0,0,1,0,0,1,0,0,0,0,0,0,0,0,0,0,1,0,0
,28.0,14.5,3,2.0,2.0,0,0,1,0,1,0,0,0,0,0,0,0,0,1,0,0,1,0,0,0
,22.0,61.9792,1,2.0,2.0,1,0,0,1,0,0,1,0,0,0,0,0,0,0,0,1,0,0,0,0
,22.5,7.225,3,1.0,1.0,1,0,0,0,1,0,0,0,0,0,0,0,0,1,0,0,1,0,0,0
,41.0,30.5,1,1.0,1.0,0,0,1,0,1,1,0,0,0,0,0,0,0,0,0,0,1,0,0,0
,26.228539862914868,21.6792,3,2.0,2.0,1,0,0,0,1,0,0,0,0,0,0,0,0,1,0,0,1,0,0,0
,50.0,26.0,2,2.0,2.0,0,0,1,0,1,0,0,0,0,0,0,0,0,1,0,0,1,0,0,0
,24.0,31.5,2,2.0,2.0,0,0,1,0,1,0,0,0,0,0,0,0,0,1,0,0,1,0,0,0
,33.0,20.575,3,2.0,2.0,0,0,1,1,0,0,0,0,0,0,0,0,0,1,0,0,0,1,0,0
,28.0,23.45,3,2.0,2.0,0,0,1,0,1,0,0,0,0,0,0,0,0,1,0,0,1,0,0,0
,30.0,57.75,1,2.0,2.0,1,0,0,0,1,0,0,1,0,0,0,0,0,0,0,0,1,0,0,0
,18.5,7.2292,3,1.0,1.0,1,0,0,0,1,0,0,0,0,0,0,0,0,1,0,0,1,0,0,0
,24.214279150809407,8.05,3,1.0,1.0,0,0,1,1,0,0,0,0,0,0,0,0,0,1,0,1,0,0,0,0
,28.0,8.6625,3,1.0,1.0,0,0,1,0,1,0,0,0,0,0,0,0,0,1,0,0,1,0,0,0
,25.0,9.5,3,1.0,1.0,0,0,1,0,1,0,0,0,0,0,0,0,0,1,0,0,1,0,0,0
,28.421210579818556,56.4958,3,1.0,1.0,0,0,1,0,1,0,0,0,0,0,0,0,0,1,0,0,1,0,0,0
,39.0,13.4167,3,2.0,2.0,1,0,0,0,1,0,0,0,0,0,0,0,0,1,0,0,1,0,0,0
,42.91931074644119,26.55,1,1.0,1.0,0,0,1,0,1,0,0,0,1,0,0,0,0,0,0,0,1,0,0,0
,41.0,7.85,3,1.0,1.0,0,0,1,0,1,0,0,0,0,0,0,0,0,1,0,0,1,0,0,0
,30.0,13.0,2,1.0,1.0,0,0,1,1,0,0,0,0,0,0,0,0,0,1,0,0,0,1,0,0
,5.0,52.5542,1,2.0,2.0,0,0,1,1,0,0,0,0,1,0,0,0,0,0,0,0,0,1,0,0
,25.0,7.925,3,1.0,1.0,0,0,1,0,1,0,0,0,0,0,0,0,0,1,0,0,1,0,0,0
,45.0,29.7,1,1.0,1.0,1,0,0,0,1,1,0,0,0,0,0,0,0,0,0,0,1,0,0,0
,28.421210579818556,7.75,3,1.0,1.0,0,1,0,0,1,0,0,0,0,0,0,0,0,1,0,0,1,0,0,0
,60.0,76.2917,1,1.0,2.0,1,0,0,1,0,0,0,0,1,0,0,0,0,0,0,0,0,1,0,0
,36.0,15.9,3,2.0,2.0,0,0,1,1,0,0,0,0,0,0,0,0,0,1,0,0,0,1,0,0
,24.0,60.0,1,2.0,2.0,0,0,1,0,1,0,0,1,0,0,0,0,0,0,0,0,1,0,0,0
,27.0,15.0333,2,1.0,1.0,1,0,0,0,1,0,0,0,0,0,0,0,0,1,0,0,1,0,0,0
,20.0,23.0,2,2.0,2.0,0,0,1,1,0,0,0,0,0,0,0,0,0,1,0,1,0,0,0,0
,28.0,263.0,1,1.0,1.0,0,0,1,1,0,0,0,1,0,0,0,0,0,0,0,1,0,0,0,0
,32.809148444153756,15.5792,2,1.0,1.0,1,0,0,0,1,0,0,0,0,0,0,0,0,1,0,0,1,0,0,0
,28.0,29.125,3,1.0,1.0,0,1,0,0,1,0,0,0,0,0,0,0,0,1,0,0,1,0,0,0
,35.0,7.8958,3,1.0,1.0,0,0,1,0,1,0,0,0,0,0,0,0,0,1,0,0,1,0,0,0
,25.0,7.65,3,1.0,1.0,0,0,1,0,1,0,0,0,0,0,1,0,0,0,0,0,1,0,0,0
,25.88010381537314,16.1,3,2.0,2.0,0,0,1,0,1,0,0,0,0,0,0,0,0,1,0,0,1,0,0,0
,36.0,262.375,1,1.0,1.0,1,0,0,1,0,0,1,0,0,0,0,0,0,0,0,1,0,0,0,0
,17.0,7.8958,3,1.0,1.0,0,0,1,0,1,0,0,0,0,0,0,0,0,1,0,0,1,0,0,0
,32.0,13.5,2,1.0,1.0,0,0,1,0,1,0,0,0,0,0,0,0,0,1,0,0,1,0,0,0
,18.0,7.75,3,1.0,1.0,0,0,1,0,1,0,0,0,0,0,0,0,0,1,0,0,1,0,0,0
,5.0,7.725,3,1.0,1.0,0,1,0,1,0,0,0,0,0,0,0,0,0,1,0,0,0,1,0,0
,13.0,262.375,1,1.0,1.0,1,0,0,0,1,0,1,0,0,0,0,0,0,0,1,0,0,0,0,0
,31.00289530569455,21.0,2,1.0,2.0,0,0,1,1,0,0,0,0,0,0,0,0,0,1,0,0,0,1,0,0
,18.0,7.8792,3,1.0,1.0,0,1,0,1,0,0,0,0,0,0,0,0,0,1,0,1,0,0,0,0
,47.0,42.4,1,1.0,2.0,0,0,1,0,1,0,0,0,0,0,0,0,0,1,0,0,1,0,0,0
,31.0,28.5375,1,1.0,1.0,1,0,0,0,1,0,0,1,0,0,0,0,0,0,0,0,1,0,0,0
,60.0,263.0,1,1.0,1.0,0,0,1,1,0,0,0,1,0,0,0,0,0,0,0,0,0,1,0,0
,24.0,7.75,3,1.0,1.0,0,1,0,1,0,0,0,0,0,0,0,0,0,1,0,1,0,0,0,0
,21.0,7.8958,3,1.0,1.0,0,0,1,0,1,0,0,0,0,0,0,0,0,1,0,0,1,0,0,0
,29.0,7.925,3,1.0,1.0,0,0,1,1,0,0,0,0,0,0,0,0,0,1,0,1,0,0,0,0
,28.5,27.7208,1,1.0,1.0,1,0,0,0,1,0,0,0,1,0,0,0,0,0,0,0,1,0,0,0
,35.0,211.5,1,1.0,1.0,1,0,0,1,0,0,0,1,0,0,0,0,0,0,0,1,0,0,0,0
,32.5,211.5,1,1.0,1.0,1,0,0,0,1,0,0,1,0,0,0,0,0,0,0,0,1,0,0,0
,28.421210579818556,8.05,3,1.0,1.0,0,0,1,0,1,0,0,0,0,0,0,0,0,1,0,0,1,0,0,0
,55.0,25.7,1,2.0,1.0,0,0,1,1,0,0,0,1,0,0,0,0,0,0,0,0,0,1,0,0
,30.0,13.0,2,1.0,1.0,0,0,1,0,1,0,0,0,0,0,0,0,0,1,0,0,1,0,0,0
,24.0,7.75,3,1.0,1.0,0,1,0,1,0,0,0,0,0,0,0,0,0,1,0,1,0,0,0,0
,28.0,15.2458,3,2.0,2.0,1,0,0,0,1,0,0,0,0,0,0,0,0,1,0,0,1,0,0,0
,67.0,221.7792,1,2.0,2.0,0,0,1,0,1,0,0,1,0,0,0,0,0,0,0,0,1,0,0,0
,49.0,26.0,1,1.0,1.0,0,0,1,0,1,0,0,0,0,0,0,0,0,1,0,0,1,0,0,0
,28.421210579818556,7.8958,3,1.0,1.0,0,0,1,0,1,0,0,0,0,0,0,0,0,1,0,0,1,0,0,0
,32.809148444153756,10.7083,2,1.0,1.0,0,1,0,0,1,0,0,0,0,0,0,0,0,1,0,0,1,0,0,0
,25.88010381537314,14.4542,3,2.0,2.0,1,0,0,0,1,0,0,0,0,0,0,0,0,1,0,0,1,0,0,0
,27.0,7.8792,3,1.0,1.0,0,1,0,1,0,0,0,0,0,0,0,0,0,1,0,1,0,0,0,0
,18.0,8.05,3,1.0,1.0,0,0,1,1,0,0,0,0,0,0,0,0,0,1,0,1,0,0,0,0
,24.214279150809407,7.75,3,1.0,1.0,0,1,0,1,0,0,0,0,0,0,0,0,0,1,0,0,0,1,0,0
,2.0,23.0,2,2.0,2.0,0,0,1,0,1,0,0,0,0,0,0,0,0,1,1,0,0,0,0,0
,22.0,13.9,3,2.0,2.0,0,0,1,1,0,0,0,0,0,0,0,0,0,1,0,0,0,1,0,0
,28.421210579818556,7.775,3,1.0,1.0,0,0,1,0,1,0,0,0,0,0,0,0,0,1,0,0,1,0,0,0
,27.0,52.0,1,2.0,2.0,0,0,1,1,0,0,1,0,0,0,0,0,0,0,0,0,0,1,0,0
,28.421210579818556,8.05,3,1.0,1.0,0,0,1,0,1,0,0,0,0,0,0,0,0,1,0,0,1,0,0,0
,25.0,26.0,1,1.0,1.0,1,0,0,0,1,0,0,0,0,0,0,0,0,1,0,0,1,0,0,0
,25.0,7.7958,3,1.0,1.0,0,0,1,0,1,0,0,0,0,0,0,0,0,1,0,0,1,0,0,0
,76.0,78.85,1,2.0,2.0,0,0,1,1,0,0,0,1,0,0,0,0,0,0,0,0,0,1,0,0
,29.0,7.925,3,1.0,1.0,0,0,1,0,1,0,0,0,0,0,0,0,0,1,0,0,1,0,0,0
,20.0,7.8542,3,1.0,1.0,0,0,1,1,0,0,0,0,0,0,0,0,0,1,0,1,0,0,0,0
,33.0,8.05,3,1.0,1.0,0,0,1,0,1,0,0,0,0,0,0,0,0,1,0,0,1,0,0,0
,43.0,55.4417,1,2.0,2.0,1,0,0,1,0,0,0,1,0,0,0,0,0,0,0,0,0,1,0,0
,27.0,26.0,2,2.0,2.0,0,0,1,0,1,0,0,0,0,0,0,0,0,1,0,0,1,0,0,0
,28.421210579818556,7.75,3,1.0,1.0,0,1,0,0,1,0,0,0,0,0,0,0,0,1,0,0,1,0,0,0
,26.0,7.775,3,1.0,1.0,0,0,1,0,1,0,0,0,0,0,0,0,0,1,0,0,1,0,0,0
,16.0,8.5167,3,2.0,2.0,1,0,0,1,0,0,0,0,0,0,0,0,0,1,0,0,0,1,0,0
,28.0,22.525,3,1.0,2.0,0,0,1,0,1,0,0,0,0,0,0,0,0,1,0,0,1,0,0,0
,21.0,7.8208,3,1.0,1.0,0,1,0,0,1,0,0,0,0,0,0,0,0,1,0,0,1,0,0,0
,28.421210579818556,7.75,3,1.0,1.0,0,1,0,0,1,0,0,0,0,0,0,0,0,1,0,0,1,0,0,0
,28.421210579818556,8.7125,3,1.0,1.0,0,0,1,0,1,0,0,0,0,0,0,0,0,1,0,0,1,0,0,0
,18.5,13.0,2,1.0,1.0,0,0,1,0,1,0,0,0,0,0,1,0,0,0,0,0,1,0,0,0
,41.0,15.0458,2,1.0,1.0,1,0,0,0,1,0,0,0,0,0,0,0,0,1,0,0,1,0,0,0
,24.214279150809407,7.7792,3,1.0,1.0,0,1,0,1,0,0,0,0,0,0,0,0,0,1,0,1,0,0,0,0
,36.0,31.6792,1,1.0,1.0,1,0,0,1,0,1,0,0,0,0,0,0,0,0,0,1,0,0,0,0
,18.5,7.2833,3,1.0,1.0,0,1,0,1,0,0,0,0,0,0,0,0,0,1,0,1,0,0,0,0
,63.0,221.7792,1,2.0,2.0,0,0,1,1,0,0,0,1,0,0,0,0,0,0,0,0,0,1,0,0
,18.0,14.4542,3,2.0,2.0,1,0,0,0,1,0,0,0,0,0,0,0,0,1,0,0,1,0,0,0
,28.421210579818556,6.4375,3,1.0,1.0,1,0,0,0,1,0,0,0,0,0,0,0,0,1,0,0,1,0,0,0
,1.0,16.7,3,2.0,2.0,0,0,1,1,0,0,0,0,0,0,0,1,0,0,0,1,0,0,0,0
,36.0,75.2417,1,1.0,2.0,1,0,0,0,1,0,0,1,0,0,0,0,0,0,0,0,1,0,0,0
,29.0,26.0,2,2.0,2.0,0,0,1,1,0,0,0,0,0,0,0,0,0,1,0,0,0,1,0,0
,12.0,15.75,2,1.0,2.0,0,0,1,1,0,0,0,0,0,0,0,0,0,1,0,1,0,0,0,0
,25.88010381537314,7.75,3,2.0,1.0,0,1,0,0,1,0,0,0,0,0,0,0,0,1,0,0,1,0,0,0
,35.0,57.75,1,2.0,2.0,1,0,0,1,0,0,0,1,0,0,0,0,0,0,0,0,0,1,0,0
,28.0,7.25,3,1.0,1.0,0,0,1,0,1,0,0,0,0,0,0,0,0,1,0,0,1,0,0,0
,28.421210579818556,7.75,3,1.0,1.0,0,1,0,0,1,0,0,0,0,0,0,0,0,1,0,0,1,0,0,0
,17.0,16.1,3,2.0,2.0,0,0,1,1,0,0,0,0,0,0,0,0,0,1,0,1,0,0,0,0
,22.0,7.7958,3,1.0,1.0,0,0,1,0,1,0,0,0,0,0,0,0,0,1,0,0,1,0,0,0
,5.0,23.25,3,2.0,2.0,0,1,0,1,0,0,0,0,0,0,0,0,0,1,0,0,0,1,0,0
,42.0,13.0,2,1.0,1.0,0,0,1,0,1,0,0,0,0,0,0,0,0,1,0,0,1,0,0,0
,24.0,8.05,3,1.0,1.0,0,0,1,0,1,0,0,0,0,0,0,0,0,1,0,0,1,0,0,0
,32.0,8.05,3,1.0,1.0,0,0,1,0,1,0,0,0,0,0,0,0,0,1,0,0,1,0,0,0
,53.0,28.5,1,1.0,1.0,1,0,0,0,1,0,0,1,0,0,0,0,0,0,0,0,0,0,1,0
,28.0,25.4667,3,1.0,1.0,0,0,1,0,1,0,0,0,0,0,0,0,0,1,0,0,1,0,0,0
,25.88010381537314,6.4375,3,2.0,1.0,1,0,0,0,1,0,0,0,0,0,0,0,0,1,0,0,1,0,0,0
,43.0,7.8958,3,1.0,1.0,0,0,1,0,1,0,0,0,0,0,0,0,0,1,0,0,1,0,0,0
,24.0,7.8542,3,1.0,1.0,0,0,1,0,1,0,0,0,0,0,0,0,0,1,0,0,1,0,0,0
,26.5,7.225,3,1.0,1.0,1,0,0,0,1,0,0,0,0,0,0,0,0,1,0,0,1,0,0,0
,26.0,13.0,2,1.0,1.0,0,0,1,0,1,0,0,0,0,0,0,0,0,1,0,0,1,0,0,0
,23.0,8.05,3,1.0,1.0,0,0,1,1,0,0,0,0,0,0,0,0,0,1,0,1,0,0,0,0
,28.0,46.9,3,0.0,1.0,0,0,1,0,1,0,0,0,0,0,0,0,0,1,0,0,1,0,0,0
,28.0,46.9,3,0.0,1.0,0,0,1,0,1,0,0,0,0,0,0,0,0,1,0,0,1,0,0,0
,33.0,151.55,1,1.0,1.0,0,0,1,1,0,0,0,0,0,0,0,0,0,1,0,1,0,0,0,0
,61.0,262.375,1,1.0,1.0,1,0,0,0,1,0,1,0,0,0,0,0,0,0,0,0,1,0,0,0
,28.0,26.0,2,1.0,2.0,0,0,1,0,1,0,0,0,0,0,0,0,0,1,0,0,1,0,0,0
,42.0,26.55,1,1.0,1.0,0,0,1,0,1,0,0,0,0,0,0,0,0,1,0,0,1,0,0,0
,28.0,18.0,3,2.0,2.0,0,0,1,0,1,0,0,0,0,0,0,0,0,1,0,0,1,0,0,0
,42.91931074644119,51.8625,1,1.0,2.0,0,0,1,0,1,0,0,0,0,1,0,0,0,0,0,0,1,0,0,0
,22.0,8.05,3,1.0,1.0,0,0,1,0,1,0,0,0,0,0,0,0,0,1,0,0,1,0,0,0
,42.91931074644119,26.55,1,1.0,1.0,0,0,1,0,1,0,0,0,0,0,0,0,0,1,0,0,1,0,0,0
,28.0,26.0,2,2.0,2.0,0,0,1,0,1,0,0,0,0,0,0,0,0,1,0,0,1,0,0,0
,23.0,83.1583,1,2.0,2.0,1,0,0,1,0,0,0,1,0,0,0,0,0,0,0,0,0,1,0,0
,28.421210579818556,7.8958,3,1.0,1.0,1,0,0,0,1,0,0,0,0,0,0,0,0,1,0,0,1,0,0,0
,60.5,13.0,3,1.0,1.0,0,0,1,0,1,0,0,0,0,0,0,0,0,1,0,0,1,0,0,0
,36.0,12.1833,3,2.0,2.0,0,0,1,1,0,0,0,0,0,0,0,0,0,1,0,0,0,1,0,0
,13.0,31.3875,3,1.0,1.0,0,0,1,0,1,0,0,0,0,0,0,0,0,1,1,0,0,0,0,0
,24.0,7.55,3,1.0,1.0,0,0,1,0,1,0,0,0,0,0,0,0,0,1,0,0,1,0,0,0
,29.0,221.7792,1,1.0,2.0,0,0,1,1,0,0,0,1,0,0,0,0,0,0,0,1,0,0,0,0
,23.0,7.8542,3,1.0,1.0,0,0,1,1,0,0,0,0,0,0,0,0,0,1,0,1,0,0,0,0
,42.0,26.55,1,1.0,1.0,0,0,1,0,1,0,0,0,1,0,0,0,0,0,0,0,1,0,0,0
,26.0,13.775,3,2.0,2.0,0,0,1,1,0,0,0,0,0,0,0,0,0,1,0,0,0,1,0,0
,24.214279150809407,7.7333,3,1.0,1.0,0,1,0,1,0,0,0,0,0,0,0,0,0,1,0,1,0,0,0,0
,7.0,15.2458,3,2.0,2.0,1,0,0,0,1,0,0,0,0,0,0,0,0,1,1,0,0,0,0,0
,26.0,13.5,2,1.0,1.0,0,0,1,1,0,0,0,0,0,0,0,0,0,1,0,1,0,0,0,0
,28.421210579818556,7.0,3,1.0,1.0,0,0,1,0,1,0,0,0,0,0,0,0,0,1,0,0,1,0,0,0
,41.0,13.0,2,1.0,1.0,0,0,1,0,1,0,0,0,0,0,0,0,0,1,0,0,0,0,1,0
,26.0,22.025,3,2.0,2.0,0,0,1,1,0,0,0,0,0,0,0,0,0,1,0,0,0,1,0,0
,48.0,50.4958,1,1.0,1.0,1,0,0,0,1,0,1,0,0,0,0,0,0,0,0,0,1,0,0,0
,28.0,34.375,3,1.0,1.0,0,0,1,0,1,0,0,0,0,0,0,0,0,1,0,0,1,0,0,0
,36.44560766698366,27.7208,1,1.0,1.0,1,0,0,1,0,0,0,0,0,0,0,0,0,1,0,0,0,1,0,0
,22.0,8.9625,3,1.0,1.0,0,0,1,1,0,0,0,0,0,0,0,0,0,1,0,1,0,0,0,0
,28.421210579818556,7.55,3,1.0,1.0,0,0,1,0,1,0,0,0,0,0,0,0,0,1,0,0,1,0,0,0
,27.0,7.225,3,1.0,1.0,1,0,0,0,1,0,0,0,0,0,0,0,0,1,0,0,1,0,0,0
,23.0,13.9,3,2.0,2.0,0,0,1,0,1,0,0,0,0,0,0,0,0,1,0,0,1,0,0,0
,28.421210579818556,7.2292,3,1.0,1.0,1,0,0,0,1,0,0,0,0,0,0,0,0,1,0,0,1,0,0,0
,40.0,31.3875,3,1.0,1.0,0,0,1,0,1,0,0,0,0,0,0,0,0,1,0,0,1,0,0,0
,15.0,39.0,2,2.0,2.0,0,0,1,1,0,0,0,0,0,0,0,0,0,1,0,1,0,0,0,0
,20.0,36.75,2,1.0,2.0,0,0,1,1,0,0,0,0,0,0,0,0,0,1,0,1,0,0,0,0
,54.0,55.4417,1,2.0,2.0,1,0,0,0,1,0,0,1,0,0,0,0,0,0,0,0,1,0,0,0
,36.0,39.0,2,2.0,2.0,0,0,1,1,0,0,0,0,0,0,1,0,0,0,0,0,0,1,0,0
,64.0,83.1583,1,2.0,2.0,1,0,0,1,0,0,0,0,0,1,0,0,0,0,0,0,0,1,0,0
,30.0,13.0,2,1.0,1.0,0,0,1,0,1,0,0,0,0,0,0,0,0,1,0,0,1,0,0,0
,37.0,83.1583,1,2.0,2.0,1,0,0,0,1,0,0,0,0,1,0,0,0,0,0,0,1,0,0,0
,18.0,53.1,1,2.0,2.0,0,0,1,1,0,0,0,0,1,0,0,0,0,0,0,0,0,1,0,0
,28.421210579818556,7.75,3,1.0,1.0,0,1,0,0,1,0,0,0,0,0,0,0,0,1,0,0,1,0,0,0
,27.0,247.5208,1,2.0,2.0,1,0,0,1,0,0,1,0,0,0,0,0,0,0,0,0,0,1,0,0
,40.0,16.0,2,1.0,1.0,0,0,1,0,1,0,0,0,0,0,0,0,0,1,0,0,1,0,0,0
,21.0,21.0,2,2.0,2.0,0,0,1,1,0,0,0,0,0,0,0,0,0,1,0,1,0,0,0,0
,17.0,8.05,3,2.0,1.0,0,0,1,0,1,0,0,0,0,0,0,0,0,1,0,0,1,0,0,0
,28.0,69.55,3,0.0,0.0,0,0,1,0,1,0,0,0,0,0,0,0,0,1,0,0,1,0,0,0
,40.0,13.0,2,1.0,1.0,0,0,1,0,1,0,0,0,0,0,0,0,0,1,0,0,1,0,0,0
,34.0,26.0,2,2.0,2.0,0,0,1,0,1,0,0,0,0,0,0,0,0,1,0,0,1,0,0,0
,42.91931074644119,26.0,1,1.0,1.0,0,0,1,0,1,0,0,0,0,0,0,0,0,1,0,0,1,0,0,0
,11.5,14.5,3,2.0,2.0,0,0,1,0,1,0,0,0,0,0,0,0,0,1,1,0,0,0,0,0
,61.0,12.35,2,1.0,1.0,0,1,0,0,1,0,0,0,0,0,0,0,0,1,0,0,1,0,0,0
,8.0,32.5,2,2.0,2.0,0,0,1,0,1,0,0,0,0,0,0,0,0,1,1,0,0,0,0,0
,33.0,7.8542,3,1.0,1.0,0,0,1,0,1,0,0,0,0,0,0,0,0,1,0,0,1,0,0,0
,6.0,134.5,1,2.0,1.0,1,0,0,0,1,0,0,0,0,1,0,0,0,0,1,0,0,0,0,0
,18.0,7.775,3,1.0,1.0,0,0,1,1,0,0,0,0,0,0,0,0,0,1,0,1,0,0,0,0
,23.0,10.5,2,1.0,1.0,0,0,1,0,1,0,0,0,0,0,0,0,0,1,0,0,1,0,0,0
,24.214279150809407,8.1125,3,1.0,1.0,0,0,1,1,0,0,0,0,0,0,0,0,0,1,0,0,0,1,0,0
,24.214279150809407,15.5,3,1.0,2.0,0,1,0,1,0,0,0,0,0,0,0,0,0,1,0,1,0,0,0,0
,28.0,14.4,3,2.0,2.0,0,0,1,0,1,0,0,0,0,0,0,0,0,1,0,0,1,0,0,0
,47.0,227.525,1,2.0,1.0,1,0,0,0,1,0,0,1,0,0,0,0,0,0,0,0,0,0,1,0
,8.0,26.0,2,2.0,2.0,0,0,1,1,0,0,0,0,0,0,0,0,0,1,0,1,0,0,0,0
,25.0,10.5,2,1.0,1.0,0,0,1,0,1,0,0,0,0,0,0,0,0,1,0,0,1,0,0,0
,42.91931074644119,25.7417,1,1.0,1.0,1,0,0,0,1,0,0,0,0,0,0,0,0,1,0,0,1,0,0,0
,35.0,7.75,3,1.0,1.0,0,1,0,1,0,0,0,0,0,0,0,0,0,1,0,1,0,0,0,0
,24.0,10.5,2,1.0,1.0,0,0,1,0,1,0,0,0,0,0,0,0,0,1,0,0,1,0,0,0
,33.0,27.7208,1,1.0,1.0,1,0,0,1,0,1,0,0,0,0,0,0,0,0,0,1,0,0,0,0
,25.0,7.8958,3,1.0,1.0,0,0,1,0,1,0,0,0,0,0,0,0,0,1,0,0,1,0,0,0
,32.0,22.525,3,1.0,2.0,0,0,1,0,1,0,0,0,0,0,0,0,0,1,0,0,1,0,0,0
,28.421210579818556,7.05,3,1.0,1.0,0,0,1,0,1,0,0,0,0,0,0,0,0,1,0,0,1,0,0,0
,17.0,73.5,2,1.0,1.0,0,0,1,0,1,0,0,0,0,0,0,0,0,1,0,0,1,0,0,0
,60.0,26.0,2,2.0,2.0,0,0,1,1,0,0,0,0,0,0,0,0,0,1,0,0,0,1,0,0
,38.0,7.775,3,1.0,1.0,0,0,1,1,0,0,0,0,0,0,0,0,0,1,0,1,0,0,0,0
,42.0,42.5,1,1.0,1.0,0,0,1,0,1,0,1,0,0,0,0,0,0,0,0,0,1,0,0,0
,24.214279150809407,7.8792,3,1.0,1.0,0,1,0,1,0,0,0,0,0,0,0,0,0,1,0,1,0,0,0,0
,57.0,164.8667,1,2.0,2.0,0,0,1,0,1,0,0,0,0,0,0,0,0,1,0,0,1,0,0,0
,50.0,211.5,1,2.0,1.0,1,0,0,1,0,0,0,1,0,0,0,0,0,0,0,0,0,1,0,0
,28.421210579818556,8.05,3,1.0,1.0,0,0,1,0,1,0,0,0,0,0,0,0,0,1,0,0,1,0,0,0
,30.0,13.8583,2,2.0,1.0,1,0,0,1,0,0,0,0,0,0,0,0,0,1,0,1,0,0,0,0
,21.0,8.05,3,1.0,1.0,0,0,1,0,1,0,0,0,0,0,0,0,0,1,0,0,1,0,0,0
,22.0,10.5,2,1.0,1.0,0,0,1,1,0,0,0,0,0,0,1,0,0,0,0,0,0,1,0,0
,21.0,7.7958,3,1.0,1.0,0,0,1,0,1,0,0,0,0,0,0,0,0,1,0,0,1,0,0,0
,53.0,27.4458,1,1.0,1.0,1,0,0,1,0,0,0,0,0,0,0,0,0,1,0,0,0,1,0,0
,5.0,15.2458,3,2.0,2.0,1,0,0,1,0,0,0,0,0,0,0,0,0,1,0,0,0,1,0,0
,23.0,7.7958,3,1.0,1.0,0,0,1,0,1,0,0,0,0,0,0,0,0,1,0,0,1,0,0,0
,24.214279150809407,7.75,3,1.0,1.0,0,1,0,1,0,0,0,0,0,0,0,0,0,1,0,1,0,0,0,0
,40.5,15.1,3,1.0,2.0,0,0,1,0,1,0,0,0,0,0,0,0,0,1,0,0,1,0,0,0
,36.0,13.0,2,1.0,1.0,0,0,1,0,1,0,0,0,0,0,0,0,0,1,0,0,1,0,0,0
,14.0,65.0,2,1.0,1.0,0,0,1,0,1,0,0,0,0,0,0,0,0,1,0,0,1,0,0,0
,21.0,26.55,1,1.0,1.0,0,0,1,1,0,0,0,0,0,0,0,0,0,1,0,1,0,0,0,0
,21.0,6.4958,3,2.0,1.0,0,0,1,0,1,0,0,0,0,0,0,0,0,1,0,0,1,0,0,0
,28.421210579818556,7.8792,3,1.0,1.0,0,1,0,0,1,0,0,0,0,0,0,0,0,1,0,0,1,0,0,0
,39.0,71.2833,1,2.0,2.0,1,0,0,0,1,0,0,1,0,0,0,0,0,0,0,0,1,0,0,0
,20.0,7.8542,3,1.0,1.0,0,0,1,0,1,0,0,0,0,0,0,0,0,1,0,0,1,0,0,0
,64.0,75.25,1,2.0,2.0,1,0,0,0,1,0,0,0,1,0,0,0,0,0,0,0,1,0,0,0
,20.0,7.225,3,1.0,1.0,1,0,0,0,1,0,0,0,0,0,0,0,0,1,0,0,1,0,0,0
,18.0,13.0,2,2.0,1.0,0,0,1,1,0,0,0,0,0,0,0,0,0,1,0,1,0,0,0,0
,48.0,106.425,1,2.0,2.0,1,0,0,1,0,0,0,1,0,0,0,0,0,0,0,0,0,1,0,0
,55.0,27.7208,1,1.0,1.0,1,0,0,1,0,0,0,0,0,0,0,0,0,1,0,0,0,1,0,0
,45.0,30.0,2,2.0,2.0,0,0,1,1,0,0,0,0,0,0,0,0,0,1,0,0,0,1,0,0
,45.0,134.5,1,2.0,1.0,1,0,0,0,1,0,0,0,0,1,0,0,0,0,0,0,1,0,0,0
,28.421210579818556,7.8875,3,1.0,1.0,0,0,1,0,1,0,0,0,0,0,0,0,0,1,0,0,1,0,0,0
,28.0,23.45,3,2.0,2.0,0,0,1,0,1,0,0,0,0,0,0,0,0,1,0,0,1,0,0,0
,41.0,51.8625,1,2.0,2.0,0,0,1,0,1,0,0,0,1,0,0,0,0,0,0,0,1,0,0,0
,22.0,21.0,2,1.0,2.0,0,0,1,1,0,0,0,0,0,0,0,0,0,1,0,0,0,1,0,0
,42.0,32.5,2,2.0,2.0,0,0,1,0,1,0,0,0,0,0,0,0,0,1,0,0,1,0,0,0
,29.0,26.0,2,2.0,2.0,0,0,1,1,0,0,0,0,0,0,0,0,0,1,0,0,0,1,0,0
,27.06302345663013,14.4542,3,2.0,2.0,1,0,0,1,0,0,0,0,0,0,0,0,0,1,0,0,0,1,0,0
,0.92,27.75,2,2.0,2.0,0,0,1,1,0,0,0,0,0,0,0,0,0,1,0,1,0,0,0,0
,20.0,7.925,3,1.0,1.0,0,0,1,0,1,0,0,0,0,0,0,0,0,1,0,0,1,0,0,0
,27.0,136.7792,1,2.0,2.0,1,0,0,0,1,0,0,1,0,0,0,0,0,0,0,0,1,0,0,0
,24.0,9.325,3,1.0,1.0,0,0,1,0,1,0,0,0,0,0,0,0,0,1,0,0,1,0,0,0
,32.5,9.5,3,1.0,1.0,0,0,1,0,1,0,0,0,0,0,0,0,0,1,0,0,1,0,0,0
,28.421210579818556,7.55,3,1.0,1.0,0,0,1,0,1,0,0,0,0,0,0,0,0,1,0,0,1,0,0,0
,28.421210579818556,7.75,3,1.0,1.0,0,1,0,0,1,0,0,0,0,0,0,0,0,1,0,0,1,0,0,0
,28.0,8.05,3,1.0,1.0,0,0,1,0,1,0,0,0,0,0,0,0,0,1,0,0,1,0,0,0
,19.0,13.0,2,1.0,1.0,0,0,1,1,0,0,0,0,0,0,0,0,0,1,0,1,0,0,0,0
,21.0,7.775,3,1.0,1.0,0,0,1,0,1,0,0,0,0,0,0,0,0,1,0,0,1,0,0,0
,36.5,17.4,3,2.0,2.0,0,0,1,0,1,0,0,0,0,0,0,0,0,1,0,0,1,0,0,0
,21.0,7.8542,3,1.0,1.0,0,0,1,0,1,0,0,0,0,0,0,0,0,1,0,0,1,0,0,0
,29.0,23.0,2,2.0,2.0,0,0,1,1,0,0,0,0,0,0,0,0,0,1,0,0,0,1,0,0
,1.0,12.1833,3,2.0,2.0,0,0,1,1,0,0,0,0,0,0,0,0,0,1,0,1,0,0,0,0
,30.0,12.7375,2,1.0,1.0,1,0,0,0,1,0,0,0,0,0,0,0,0,1,0,0,1,0,0,0
,28.421210579818556,7.8958,3,1.0,1.0,0,0,1,0,1,0,0,0,0,0,0,0,0,1,0,0,1,0,0,0
,42.91931074644119,0.0,1,1.0,1.0,0,0,1,0,1,0,0,0,0,0,0,0,0,1,0,0,1,0,0,0
,28.421210579818556,7.55,3,1.0,1.0,0,0,1,0,1,0,0,0,0,0,0,0,0,1,0,0,1,0,0,0
,24.214279150809407,8.05,3,1.0,1.0,0,0,1,1,0,0,0,0,0,0,0,0,0,1,0,1,0,0,0,0
,17.0,8.6625,3,1.0,1.0,0,0,1,0,1,0,0,0,0,0,0,0,0,1,0,0,1,0,0,0
,46.0,75.2417,1,1.0,2.0,1,0,0,0,1,0,0,1,0,0,0,0,0,0,0,0,1,0,0,0
,28.421210579818556,7.75,3,1.0,1.0,0,1,0,0,1,0,0,0,0,0,0,0,0,1,0,0,1,0,0,0
,26.0,136.7792,1,2.0,2.0,1,0,0,1,0,0,0,1,0,0,0,0,0,0,0,0,0,1,0,0
,27.06302345663013,15.5,3,2.0,2.0,0,1,0,1,0,0,0,0,0,0,0,0,0,1,0,1,0,0,0,0
,28.421210579818556,7.225,3,1.0,1.0,1,0,0,0,1,0,0,0,0,0,0,0,0,1,0,0,1,0,0,0
,20.0,26.0,2,2.0,2.0,0,0,1,1,0,0,0,0,0,0,0,0,0,1,0,1,0,0,0,0
,28.0,10.5,2,1.0,1.0,0,0,1,0,1,0,0,0,0,0,0,0,0,1,0,0,1,0,0,0
,40.0,26.0,2,2.0,2.0,0,0,1,0,1,0,0,0,0,0,0,0,0,1,0,0,1,0,0,0
,30.0,21.0,2,2.0,2.0,0,0,1,0,1,0,0,0,0,0,0,0,0,1,0,0,1,0,0,0
,22.0,10.5,2,1.0,1.0,0,0,1,0,1,0,0,0,0,0,0,0,0,1,0,0,1,0,0,0
,28.0,8.6625,3,1.0,1.0,0,0,1,0,1,0,0,0,0,0,0,0,0,1,0,0,1,0,0,0
,0.75,13.775,3,2.0,2.0,0,0,1,0,1,0,0,0,0,0,0,0,0,1,1,0,0,0,0,0
,24.214279150809407,7.75,3,1.0,1.0,0,1,0,1,0,0,0,0,0,0,0,0,0,1,0,1,0,0,0,0
,9.0,15.2458,3,2.0,2.0,1,0,0,1,0,0,0,0,0,0,0,0,0,1,0,1,0,0,0,0
,28.0,20.2125,3,2.0,2.0,0,0,1,0,1,0,0,0,0,0,0,0,0,1,0,0,1,0,0,0
,36.0,7.25,3,1.0,1.0,0,0,1,0,1,0,0,0,0,0,0,0,0,1,0,0,1,0,0,0
,28.421210579818556,7.25,3,1.0,1.0,0,0,1,0,1,0,0,0,0,0,0,0,0,1,0,0,1,0,0,0
,24.0,82.2667,1,2.0,2.0,0,0,1,0,1,0,1,0,0,0,0,0,0,0,0,0,1,0,0,0
,28.421210579818556,7.2292,3,1.0,1.0,1,0,0,0,1,0,0,0,0,0,1,0,0,0,0,0,1,0,0,0
,28.0,8.05,3,1.0,1.0,0,0,1,0,1,0,0,0,0,0,0,0,0,1,0,0,1,0,0,0
,42.91931074644119,39.6,1,1.0,1.0,0,0,1,0,1,0,0,0,0,0,0,0,0,1,0,0,1,0,0,0
,5.0,6.95,3,1.0,1.0,0,1,0,1,0,0,0,0,0,0,0,0,0,1,0,0,0,1,0,0
,28.421210579818556,7.2292,3,1.0,1.0,1,0,0,0,1,0,0,0,0,0,0,0,0,1,0,0,1,0,0,0
,53.0,81.8583,1,2.0,2.0,0,0,1,0,1,1,0,0,0,0,0,0,0,0,0,0,0,0,1,0
,36.0,9.5,3,1.0,1.0,0,0,1,0,1,0,0,0,0,0,0,0,0,1,0,0,1,0,0,0
,26.0,7.8958,3,1.0,1.0,0,0,1,0,1,0,0,0,0,0,0,0,0,1,0,0,1,0,0,0
,1.0,41.5792,2,2.0,2.0,1,0,0,1,0,0,0,0,0,0,0,0,0,1,0,1,0,0,0,0
,26.228539862914868,21.6792,3,2.0,2.0,1,0,0,0,1,0,0,0,0,0,0,0,0,1,0,0,1,0,0,0
,30.0,45.5,1,1.0,1.0,0,0,1,0,1,0,0,0,0,0,0,0,0,1,0,0,1,0,0,0
,29.0,7.8542,3,1.0,1.0,0,0,1,0,1,0,0,0,0,0,0,0,0,1,0,0,1,0,0,0
,28.0,7.775,3,1.0,1.0,0,0,1,0,1,0,0,0,0,0,0,0,0,1,0,0,1,0,0,0
,32.809148444153756,15.0458,2,1.0,1.0,1,0,0,0,1,0,0,0,1,0,0,0,0,0,0,0,1,0,0,0
,43.0,21.0,2,2.0,2.0,0,0,1,0,1,0,0,0,0,0,0,0,0,1,0,0,1,0,0,0
,24.0,8.6625,3,1.0,1.0,0,0,1,0,1,0,0,0,0,0,0,0,0,1,0,0,1,0,0,0
,24.214279150809407,7.75,3,1.0,1.0,0,1,0,1,0,0,0,0,0,0,0,0,0,1,0,1,0,0,0,0
,64.0,26.55,1,2.0,1.0,0,0,1,1,0,0,1,0,0,0,0,0,0,0,0,0,0,1,0,0
,30.0,151.55,1,2.0,1.0,0,0,1,0,1,0,0,1,0,0,0,0,0,0,0,0,1,0,0,0
,0.83,9.35,3,2.0,2.0,0,0,1,0,1,0,0,0,0,0,0,0,0,1,1,0,0,0,0,0
,55.0,93.5,1,2.0,2.0,0,0,1,0,1,0,1,0,0,0,0,0,0,0,0,0,1,0,0,0
,45.0,14.1083,3,2.0,2.0,0,0,1,1,0,0,0,0,0,0,0,0,0,1,0,0,0,1,0,0
,28.0,8.6625,3,1.0,1.0,0,0,1,0,1,0,0,0,0,0,0,0,0,1,0,0,1,0,0,0
,22.0,7.225,3,1.0,1.0,1,0,0,0,1,0,0,0,0,0,0,0,0,1,0,0,1,0,0,0
,28.421210579818556,7.575,3,1.0,1.0,0,0,1,0,1,0,0,0,0,0,0,0,0,1,0,0,1,0,0,0
,37.0,7.75,3,1.0,1.0,0,1,0,1,0,0,0,0,0,0,0,0,0,1,0,1,0,0,0,0
,55.0,135.6333,1,1.0,2.0,1,0,0,1,0,0,0,1,0,0,0,0,0,0,0,0,0,1,0,0
,17.0,7.7333,3,1.0,1.0,0,1,0,1,0,0,0,0,0,0,0,0,0,1,0,1,0,0,0,0
,57.0,146.5208,1,2.0,2.0,1,0,0,0,1,0,1,0,0,0,0,0,0,0,0,0,1,0,0,0
,19.0,10.5,2,1.0,1.0,0,0,1,0,1,0,0,0,0,0,0,0,0,1,0,0,1,0,0,0
,5.0,7.8542,3,1.0,1.0,0,0,1,1,0,0,0,0,0,0,0,0,0,1,0,0,0,1,0,0
,22.0,31.5,2,2.0,2.0,0,0,1,0,1,0,0,0,0,0,0,0,0,1,0,0,1,0,0,0
,26.0,7.775,3,1.0,1.0,0,0,1,0,1,0,0,0,0,0,0,0,0,1,0,0,1,0,0,0
,25.0,7.2292,3,1.0,1.0,1,0,0,0,1,0,0,0,0,0,1,0,0,0,0,0,1,0,0,0
,26.0,13.0,2,1.0,1.0,0,0,1,0,1,0,0,0,0,0,1,0,0,0,0,0,1,0,0,0
,33.0,26.55,1,1.0,1.0,0,0,1,0,1,0,0,0,0,0,0,0,0,1,0,0,1,0,0,0
,39.0,211.3375,1,1.0,2.0,0,0,1,1,0,0,0,0,0,0,0,0,0,1,0,1,0,0,0,0
,23.0,7.05,3,1.0,1.0,0,0,1,0,1,0,0,0,0,0,0,0,0,1,0,0,1,0,0,0
,12.0,39.0,2,2.0,2.0,0,0,1,1,0,0,0,0,0,0,1,0,0,0,0,1,0,0,0,0
,46.0,79.2,1,1.0,2.0,1,0,0,0,1,0,0,0,0,0,0,0,0,1,0,0,1,0,0,0
,29.0,26.0,2,2.0,2.0,0,0,1,0,1,0,0,0,0,0,0,0,0,1,0,0,1,0,0,0
,21.0,13.0,2,1.0,1.0,0,0,1,0,1,0,0,0,0,0,0,0,0,1,0,0,1,0,0,0
,48.0,36.75,2,2.0,2.0,0,0,1,1,0,0,0,0,0,0,0,0,0,1,0,0,0,1,0,0
,39.0,29.7,1,1.0,1.0,1,0,0,0,1,1,0,0,0,0,0,0,0,0,0,0,1,0,0,0
,28.421210579818556,7.225,3,1.0,1.0,1,0,0,0,1,0,0,0,0,0,0,0,0,1,0,0,1,0,0,0
,5.0,15.7417,3,2.0,2.0,1,0,0,1,0,0,0,0,0,0,0,0,0,1,0,0,0,1,0,0
,27.0,7.8958,3,1.0,1.0,0,0,1,0,1,0,0,0,0,0,0,0,0,1,0,0,1,0,0,0
,30.0,26.0,1,1.0,1.0,0,0,1,0,1,0,0,1,0,0,0,0,0,0,0,0,1,0,0,0
,32.0,13.0,2,1.0,1.0,0,0,1,0,1,0,0,0,0,0,0,0,0,1,0,0,1,0,0,0
,28.0,7.2292,3,2.0,1.0,1,0,0,0,1,0,0,0,0,0,0,0,0,1,0,0,1,0,0,0
,25.0,31.5,2,1.0,2.0,0,0,1,0,1,0,0,0,0,0,0,0,0,1,0,0,1,0,0,0
,28.421210579818556,7.2292,3,1.0,1.0,1,0,0,0,1,0,0,0,0,0,0,0,0,1,1,0,0,0,0,0
,18.0,10.5,2,1.0,1.0,0,0,1,0,1,0,0,0,0,0,0,0,0,1,0,0,1,0,0,0
,32.0,7.5792,3,1.0,1.0,0,0,1,0,1,0,0,0,0,0,0,0,0,1,0,0,1,0,0,0
,28.0,69.55,3,0.0,0.0,0,0,1,0,1,0,0,0,0,0,0,0,0,1,0,0,1,0,0,0
,5.0,512.3292,1,2.0,2.0,1,0,0,1,0,0,1,0,0,0,0,0,0,0,0,0,0,1,0,0
,16.933814089935765,14.5,3,2.0,2.0,0,0,1,0,1,0,0,0,0,0,0,0,0,1,1,0,0,0,0,0
,16.0,7.65,3,1.0,1.0,0,0,1,1,0,0,0,0,0,0,0,0,0,1,0,1,0,0,0,0
,26.0,13.0,2,1.0,1.0,0,0,1,0,1,0,0,0,0,0,0,0,0,1,0,0,1,0,0,0
,38.0,7.2292,3,1.0,1.0,1,0,0,1,0,0,0,0,0,0,0,0,0,1,0,0,0,1,0,0
,24.0,13.5,2,1.0,1.0,0,0,1,0,1,0,0,0,0,0,0,0,0,1,0,0,1,0,0,0
,31.0,21.0,2,1.0,2.0,0,0,1,1,0,0,0,0,0,0,0,0,0,1,0,1,0,0,0,0
,5.0,63.3583,1,2.0,2.0,1,0,0,1,0,0,0,0,1,0,0,0,0,0,0,0,0,1,0,0
,25.0,10.5,2,1.0,1.0,0,0,1,0,1,0,0,0,0,0,0,0,0,1,0,0,1,0,0,0
,18.0,73.5,2,1.0,1.0,0,0,1,0,1,0,0,0,0,0,0,0,0,1,0,0,1,0,0,0
,49.0,65.0,2,2.0,1.0,0,0,1,0,1,0,0,0,0,0,0,0,0,1,0,0,1,0,0,0
,0.17,20.575,3,2.0,2.0,0,0,1,1,0,0,0,0,0,0,0,0,0,1,0,1,0,0,0,0
,50.0,26.0,1,1.0,1.0,0,0,1,0,1,0,0,0,0,1,0,0,0,0,0,0,1,0,0,0
,59.0,51.4792,1,2.0,2.0,0,0,1,1,0,0,0,1,0,0,0,0,0,0,0,0,0,1,0,0
,28.421210579818556,7.8792,3,1.0,1.0,0,0,1,0,1,0,0,0,0,0,0,0,0,1,0,0,1,0,0,0
,28.421210579818556,7.75,3,1.0,1.0,0,1,0,0,1,0,0,0,0,0,0,0,0,1,0,0,1,0,0,0
,30.0,15.55,3,2.0,2.0,0,0,1,1,0,0,0,0,0,0,0,0,0,1,0,0,0,1,0,0
,28.0,69.55,3,0.0,0.0,0,0,1,0,1,0,0,0,0,0,0,0,0,1,0,0,1,0,0,0
,24.0,37.0042,2,2.0,2.0,1,0,0,1,0,0,0,0,0,0,0,0,0,1,0,0,0,1,0,0
,31.0,21.0,2,1.0,2.0,0,0,1,1,0,0,0,0,0,0,0,0,0,1,0,0,0,1,0,0
,27.0,8.6625,3,1.0,1.0,0,0,1,0,1,0,0,0,0,0,0,0,0,1,0,0,1,0,0,0
,5.0,55.4417,1,2.0,2.0,1,0,0,1,0,0,0,0,0,1,0,0,0,0,0,0,0,1,0,0
,28.0,69.55,3,0.0,0.0,0,0,1,0,1,0,0,0,0,0,0,0,0,1,0,0,1,0,0,0
,28.0,14.4583,3,2.0,2.0,1,0,0,0,1,0,0,0,0,0,0,0,0,1,0,0,1,0,0,0
,22.0,39.6875,3,1.0,1.0,0,0,1,1,0,0,0,0,0,0,0,0,0,1,0,1,0,0,0,0
,45.0,59.4,1,2.0,2.0,1,0,0,1,0,0,0,0,0,0,0,0,0,1,0,0,0,1,0,0
,29.0,13.8583,2,1.0,1.0,1,0,0,0,1,0,0,0,0,0,0,0,0,1,0,0,1,0,0,0
,21.0,11.5,2,2.0,1.0,0,0,1,0,1,0,0,0,0,0,0,0,0,1,0,0,1,0,0,0
,31.0,134.5,1,1.0,1.0,1,0,0,1,0,0,0,0,0,1,0,0,0,0,0,1,0,0,0,0
,49.0,0.0,1,1.0,2.0,0,0,1,0,1,0,1,0,0,0,0,0,0,0,0,0,1,0,0,0
,44.0,13.0,2,1.0,1.0,0,0,1,0,1,0,0,0,0,0,0,0,0,1,0,0,1,0,0,0
,54.0,81.8583,1,2.0,2.0,0,0,1,1,0,1,0,0,0,0,0,0,0,0,0,0,0,1,0,0
,45.0,262.375,1,1.0,1.0,1,0,0,1,0,0,0,0,0,0,0,0,0,1,0,1,0,0,0,0
,22.0,8.6625,3,2.0,1.0,0,0,1,1,0,0,0,0,0,0,0,0,0,1,0,1,0,0,0,0
,21.0,11.5,2,1.0,1.0,0,0,1,0,1,0,0,0,0,0,0,0,0,1,0,0,1,0,0,0
,55.0,50.0,1,1.0,1.0,0,0,1,0,1,0,0,1,0,0,0,0,0,0,0,0,1,0,0,0
,5.0,31.3875,3,1.0,1.0,0,0,1,0,1,0,0,0,0,0,0,0,0,1,1,0,0,0,0,0
,28.421210579818556,7.75,3,1.0,1.0,0,1,0,0,1,0,0,0,0,0,0,0,0,1,0,0,1,0,0,0
,26.0,7.8792,3,1.0,1.0,0,1,0,0,1,0,0,0,0,0,0,0,0,1,0,0,1,0,0,0
,24.214279150809407,14.5,3,1.0,2.0,0,0,1,1,0,0,0,0,0,0,0,0,0,1,0,0,0,1,0,0
,19.0,16.1,3,2.0,2.0,0,0,1,1,0,0,0,0,0,0,0,0,0,1,0,0,0,1,0,0
,32.809148444153756,12.875,2,1.0,1.0,0,0,1,0,1,0,0,0,0,0,0,0,0,1,0,0,1,0,0,0
,24.0,65.0,2,2.0,1.0,0,0,1,1,0,0,0,0,0,0,0,0,0,1,0,1,0,0,0,0
,24.0,7.775,3,1.0,1.0,0,0,1,0,1,0,0,0,0,0,0,0,0,1,0,0,1,0,0,0
,57.0,13.0,2,1.0,1.0,0,0,1,0,1,0,0,0,0,0,0,0,0,1,0,0,1,0,0,0
,28.0,7.75,3,1.0,1.0,0,1,0,0,1,0,0,0,0,0,0,0,0,1,0,0,1,0,0,0
,28.0,21.075,3,1.0,1.0,0,0,1,0,1,0,0,0,0,0,0,0,0,1,0,0,1,0,0,0
,23.0,93.5,1,1.0,2.0,0,0,1,0,1,0,1,0,0,0,0,0,0,0,0,0,1,0,0,0
,51.0,39.4,1,2.0,2.0,0,0,1,1,0,0,0,0,1,0,0,0,0,0,0,0,0,1,0,0
,13.0,20.25,3,2.0,2.0,0,0,1,0,1,0,0,0,0,0,0,0,0,1,1,0,0,0,0,0
,47.0,10.5,2,1.0,1.0,0,0,1,0,1,0,0,0,0,0,0,0,0,1,0,0,1,0,0,0
,29.0,22.025,3,1.0,2.0,0,0,1,0,1,0,0,0,0,0,0,0,0,1,0,0,1,0,0,0
,18.0,60.0,1,2.0,2.0,0,0,1,1,0,0,0,1,0,0,0,0,0,0,0,0,0,1,0,0
,24.0,7.25,3,1.0,1.0,0,1,0,0,1,0,0,0,0,0,0,0,0,1,0,0,1,0,0,0
,5.0,79.2,1,2.0,2.0,1,0,0,1,0,0,1,0,0,0,0,0,0,0,0,0,0,1,0,0
,22.0,7.775,3,1.0,1.0,0,0,1,0,1,0,0,0,0,0,0,0,0,1,0,0,1,0,0,0
,31.0,7.7333,3,1.0,1.0,0,1,0,0,1,0,0,0,0,0,0,0,0,1,0,0,1,0,0,0
,30.0,164.8667,1,1.0,2.0,0,0,1,1,0,0,0,1,0,0,0,0,0,0,0,1,0,0,0,0
,38.0,21.0,2,2.0,2.0,0,0,1,0,1,0,0,0,0,0,0,0,0,1,0,0,1,0,0,0
,22.0,59.4,1,2.0,2.0,1,0,0,1,0,0,0,0,0,0,0,0,0,1,0,1,0,0,0,0
,17.0,47.1,1,1.0,2.0,0,0,1,0,1,0,0,0,0,0,0,0,0,1,0,0,1,0,0,0
,5.0,27.7208,1,2.0,1.0,1,0,0,1,0,0,0,0,1,0,0,0,0,0,0,0,0,1,0,0
,20.0,13.8625,2,1.0,1.0,1,0,0,0,1,0,0,0,1,0,0,0,0,0,0,0,1,0,0,0
,23.0,10.5,2,2.0,1.0,0,0,1,0,1,0,0,0,0,0,0,0,0,1,0,0,1,0,0,0
,50.0,211.5,1,2.0,1.0,1,0,0,0,1,0,0,1,0,0,0,0,0,0,0,0,1,0,0,0
,24.214279150809407,7.7208,3,1.0,1.0,0,1,0,1,0,0,0,0,0,0,0,0,0,1,0,1,0,0,0,0
,3.0,13.775,3,2.0,2.0,0,0,1,1,0,0,0,0,0,0,0,0,0,1,0,1,0,0,0,0
,24.214279150809407,7.75,3,1.0,1.0,0,1,0,1,0,0,0,0,0,0,0,0,0,1,0,1,0,0,0,0
,37.0,90.0,1,2.0,2.0,0,1,0,1,0,0,0,1,0,0,0,0,0,0,0,0,0,1,0,0
,28.0,7.775,3,1.0,1.0,0,0,1,1,0,0,0,0,0,0,0,0,0,1,0,1,0,0,0,0
,28.421210579818556,8.05,3,1.0,1.0,0,0,1,0,1,0,0,0,0,0,0,0,0,1,0,0,1,0,0,0
,39.0,108.9,1,1.0,2.0,1,0,0,1,0,0,0,1,0,0,0,0,0,0,0,0,0,0,0,1
,38.5,7.25,3,1.0,1.0,0,0,1,0,1,0,0,0,0,0,0,0,0,1,0,0,1,0,0,0
,28.421210579818556,8.05,3,1.0,1.0,0,0,1,0,1,0,0,0,0,0,0,0,0,1,0,0,1,0,0,0
,16.933814089935765,22.3583,3,2.0,2.0,1,0,0,0,1,0,0,0,0,0,0,0,0,1,1,0,0,0,0,0
